token,tag,label,correction
Kemunculan,NOUN,0,_
virus,X,0,_
corona,X,0,_
mngakibatykan,X,1,mengakibatkan
sejumlah,DET,0,_
besar,ADJ,0,_
daerah,NOUN,0,_
di,ADP,0,_
dunia,NOUN,0,_
termasuk,VERB,0,_
Indonesia,PROPN,0,_
mengalami,VERB,0,_
dampak,NOUN,0,_
akibat,ADP,0,_
dari,ADP,0,_
kganasn,X,1,keganasan
virus,X,0,_
corona,X,0,_
.,PUNCT,0,_
Proses,NOUN,0,_
perbaikan,X,0,_
kesalahan,NOUN,0,_
ejaan,X,0,_
terbag,X,1,terbagi
menjadi,VERB,0,_
tiga,NUM,0,_
tahapan,NOUN,0,_
yakni,AUX,0,_
detection,X,0,_
errors,X,0,_
",",PUNCT,0,_
candidates,X,0,_
generation,X,0,_
dan,CCONJ,0,_
ranking,X,0,_
candidates,X,0,_
.,PUNCT,0,_
Permasalahan,NOUN,0,_
kesalahan,NOUN,0,_
ejaan,X,0,_
dapatt,X,1,dapat
terataasi,X,1,teratasi
dengan,ADP,0,_
memperhatikan,VERB,0,_
unit,NOUN,0,_
tekrecil,X,1,terkecil
dari,ADP,0,_
suku,NOUN,0,_
kata,NOUN,0,_
(,PUNCT,0,_
subword,X,0,_
),PUNCT,0,_
di,ADP,0,_
mana,NOUN,0,_
bagian,NOUN,0,_
terkecil,ADJ,0,_
dari,ADP,0,_
subword,X,0,_
adalah,AUX,0,_
karakter,NOUN,0,_
.,PUNCT,0,_
Sehingga,SCONJ,0,_
",",PUNCT,0,_
kita,PRON,0,_
kehilangan,NOUN,0,_
informasi,NOUN,0,_
mengenai,VERB,0,_
posisi,NOUN,0,_
sebuah,DET,0,_
objek,NOUN,0,_
relatif,ADJ,0,_
terhadap,ADP,0,_
obejk,X,1,objek
lainnya,_,0,_
yang,SCONJ,0,_
mana,NOUN,0,_
hal,NOUN,0,_
ini,DET,0,_
sebenarnya,ADV,0,_
sangat,ADV,0,_
penting,ADJ,0,_
untuk,SCONJ,0,_
membuat,VERB,0,_
mesin,NOUN,0,_
yang,SCONJ,0,_
memahami,VERB,0,_
dunia,NOUN,0,_
secara,ADP,0,_
3,NUM,0,_
dimensi,NOUN,0,_
.,PUNCT,0,_
Deep,PROPN,0,_
neural,X,0,_
networks,X,0,_
memang,ADV,0,_
agnostik,X,0,_
secara,ADP,0,_
bahasa,NOUN,0,_
namun,CCONJ,0,_
yang,SCONJ,0,_
menjadi,VERB,0,_
kendala,NOUN,0,_
ialah,AUX,0,_
membutuhkan,VERB,0,_
dattaa,X,1,data
yang,SCONJ,0,_
banyak,DET,0,_
.,PUNCT,0,_
Sementara,SCONJ,0,_
itu,DET,0,_
",",PUNCT,0,_
data,NOUN,0,_
yang,SCONJ,0,_
diperlukan,VERB,0,_
untuk,SCONJ,0,_
melatih,VERB,0,_
model,NOUN,0,_
deep,X,0,_
neural,X,0,_
network,X,0,_
harus,AUX,0,_
berlabel,VERB,0,_
.,PUNCT,0,_
Proses,NOUN,0,_
melabeli,VERB,0,_
data,NOUN,0,_
adalah,AUX,0,_
proses,NOUN,0,_
yang,SCONJ,0,_
rumit,ADJ,0,_
karena,SCONJ,0,_
harus,AUX,0,_
membutuhkan,VERB,0,_
banyak,DET,0,_
orang,NOUN,0,_
untuk,SCONJ,0,_
memperoleh,X,0,_
label,NOUN,0,_
yang,SCONJ,0,_
teruji,VERB,0,_
.,PUNCT,0,_
struktur,NOUN,0,_
data,NOUN,0,_
trie,X,0,_
dan,CCONJ,0,_
precomputed,X,0,_
edit,NOUN,0,_
distance,X,0,_
mampu,ADJ,0,_
meningkatkan,VERB,0,_
efiensi,X,1,efisiensi
waktu,NOUN,0,_
proses,NOUN,0,_
.,PUNCT,0,_
maka,SCONJ,0,_
dari,ADP,0,_
itu,DET,0,_
pada,ADP,0,_
subbab,X,0,_
selanjutnya,ADV,0,_
",",PUNCT,0,_
penulis,NOUN,0,_
akan,AUX,0,_
memaparkan,VERB,0,_
dataset,X,0,_
yang,SCONJ,0,_
tersedia,VERB,0,_
dari,ADP,0,_
bebeerapa,X,1,beberapa
bahasa,NOUN,0,_
.,PUNCT,0,_
Perangkat,NOUN,0,_
komputer,NOUN,0,_
",",PUNCT,0,_
telpon,NOUN,0,_
cerdas,ADJ,0,_
dan,CCONJ,0,_
perangkat,NOUN,0,_
teknologi,NOUN,0,_
sejenis,DET,0,_
sering,ADV,0,_
digunakan,VERB,0,_
untuk,SCONJ,0,_
membuat,VERB,0,_
teks,NOUN,0,_
",",PUNCT,0,_
baik,ADJ,0,_
itu,DET,0,_
berupa,VERB,0,_
pesan,NOUN,0,_
singkat,ADJ,0,_
",",PUNCT,0,_
kata,NOUN,0,_
kunci,NOUN,0,_
di,ADP,0,_
mesin,NOUN,0,_
pencari,NOUN,0,_
atau,CCONJ,0,_
dokumenn,X,1,dokumen
.,PUNCT,0,_
Tujuam,PROPN,1,tujuan
dari,ADP,0,_
penulisan,NOUN,0,_
ini,DET,0,_
ialah,AUX,0,_
diharapkan,VERB,0,_
tulisan,NOUN,0,_
ini,DET,0,_
dapat,AUX,0,_
menjadi,VERB,0,_
acuan,NOUN,0,_
dari,ADP,0,_
penulis,NOUN,0,_
yang,SCONJ,0,_
tertarik,VERB,0,_
dengan,ADP,0,_
topik,NOUN,0,_
spelling,X,0,_
correction,X,0,_
.,PUNCT,0,_
Semnetara,PROPN,1,sementara
itu,DET,0,_
",",PUNCT,0,_
semakin,ADV,0,_
besarnya,_,0,_
data,NOUN,0,_
yang,SCONJ,0,_
terdapat,VERB,0,_
pada,ADP,0,_
database,X,0,_
maka,SCONJ,0,_
akan,AUX,0,_
memerlukan,VERB,0,_
sumber,NOUN,0,_
dayaa,X,1,daya
komputasi,X,0,_
yang,SCONJ,0,_
tinggi,ADJ,0,_
pula,ADV,0,_
sehingga,SCONJ,0,_
diperlukan,VERB,0,_
spelling,X,0,_
correction,X,0,_
secara,ADP,0,_
otomatis,ADJ,0,_
.,PUNCT,0,_
Mereka,PRON,0,_
mempaarkna,X,1,memaparkan
bahwa,SCONJ,0,_
XLNET,PROPN,0,_
yang,SCONJ,0,_
merupakan,VERB,0,_
generalisasi,X,0,_
autoregresif,X,0,_
model,NOUN,0,_
dan,CCONJ,0,_
autoencoding,X,0,_
model,NOUN,0,_
mampu,ADJ,0,_
mengungguli,VERB,0,_
BERT,PROPN,0,_
yang,SCONJ,0,_
sebelumnya,ADV,0,_
menjadi,VERB,0,_
pendakatan,X,1,pendekatan
model,NOUN,0,_
bahasa,NOUN,0,_
terbaik,ADJ,0,_
dalam,ADP,0,_
20,NUM,0,_
task,X,0,_
.,PUNCT,0,_
XLNet,PROPN,0,_
memanfaatkan,VERB,0,_
kelebihan,NOUN,0,_
dari,ADP,0,_
dua,NUM,0,_
metode,NOUN,0,_
pretrain,X,0,_
yang,SCONJ,0,_
ada,VERB,0,_
",",PUNCT,0,_
yakni,AUX,0,_
autoregresif,X,0,_
yang,SCONJ,0,_
dapat,AUX,0,_
diartikan,VERB,0,_
sebagai,ADP,0,_
model,NOUN,0,_
prediksi,NOUN,0,_
berdasarkan,VERB,0,_
kata-kata,NOUN,0,_
sebelumnya,ADV,0,_
(,PUNCT,0,_
seperti,ADP,0,_
transformer-XL,X,0,_
),PUNCT,0,_
dan,CCONJ,0,_
autoencoding,X,0,_
yang,SCONJ,0,_
mampu,ADJ,0,_
mengakses,VERB,0,_
seluruh,DET,0,_
word,X,0,_
dalam,ADP,0,_
waktu,NOUN,0,_
berdamaam,X,1,bersamaan
.,PUNCT,0,_
Model,NOUN,0,_
berjalan,VERB,0,_
dengan,ADP,0,_
melakukan,VERB,0,_
permutasi,X,0,_
dari,ADP,0,_
setiap,X,0,_
kemunggkinan,X,1,kemungkinan
susunan,NOUN,0,_
yang,SCONJ,0,_
ada,VERB,0,_
.,PUNCT,0,_
Secara,ADP,0,_
umum,ADJ,0,_
",",PUNCT,0,_
XLNet,PROPN,0,_
dan,CCONJ,0,_
BERT,PROPN,0,_
memilliki,X,1,memiliki
karaktersitik,X,1,karakteristik
komputasi,X,0,_
yang,SCONJ,0,_
mirip,ADJ,0,_
Berdasarkan,VERB,0,_
penlitian,X,1,penelitian
yang,SCONJ,0,_
ada,VERB,0,_
",",PUNCT,0,_
kesimpulan,NOUN,0,_
yang,SCONJ,0,_
diperoleh,X,0,_
ialah,AUX,0,_
walaupun,SCONJ,0,_
XLNet,PROPN,0,_
memiliki,VERB,0,_
akurasi,NOUN,0,_
yang,SCONJ,0,_
lebih,ADJ,0,_
baik,ADJ,0,_
namun,CCONJ,0,_
waktu,NOUN,0,_
yang,SCONJ,0,_
diperluukan,X,1,diperlukan
lebih,ADJ,0,_
baynak,X,1,banyak
dari,ADP,0,_
BERT,PROPN,0,_
.,PUNCT,0,_
Pipalia,PROPN,0,_
dkk,NOUN,0,_
.,PUNCT,0,_
pada,ADP,0,_
tahun,NOUN,0,_
2020,NUM,0,_
membandingkan,VERB,0,_
beberapa,DET,0,_
arsitektur,NOUN,0,_
untuk,SCONJ,0,_
memperoleh,X,0,_
rsitektur,X,1,arsitektur
transformer-based,X,0,_
mana,NOUN,0,_
yang,SCONJ,0,_
terbaik,ADJ,0,_
pada,ADP,0,_
task,X,0,_
analisis,NOUN,0,_
sentimen,NOUN,0,_
.,PUNCT,0,_
Penelitian,PROPN,0,_
yang,SCONJ,0,_
ada,VERB,0,_
melakukan,VERB,0,_
fine,X,0,_
tune,X,0,_
dengan,ADP,0,_
memperimbankan,X,1,mempertimbangkan
dataset,X,0,_
yang,SCONJ,0,_
sedikit,ADJ,0,_
",",PUNCT,0,_
fine,X,0,_
tune,X,0,_
juga,ADV,0,_
dilakukan,VERB,0,_
untuk,SCONJ,0,_
menghindari,VERB,0,_
overfitting,X,0,_
.,PUNCT,0,_
Pada,ADP,0,_
propoosal,X,1,proposal
ini,DET,0,_
pendekatan,X,0,_
lexicon-based,X,0,_
dijadikan,VERB,0,_
opsi,NOUN,0,_
untuk,SCONJ,0,_
mempetoleh,X,1,memperoleh
data,NOUN,0,_
.,PUNCT,0,_
Selanjutnya,ADV,0,_
",",PUNCT,0,_
kata-kata,NOUN,0,_
yang,SCONJ,0,_
sering,ADV,0,_
muncul,VERB,0,_
namn,X,1,namun
tidak,PART,0,_
memiliki,VERB,0,_
makna,NOUN,0,_
secara,ADP,0,_
signipikan,X,1,signifikan
dapat,AUX,0,_
dihapus,VERB,0,_
(,PUNCT,0,_
stopword,X,0,_
removal,X,0,_
),PUNCT,0,_
dengan,ADP,0,_
menerjemahkan,VERB,0,_
setiap,X,0,_
tweet,X,0,_
terlebih,ADJ,0,_
dahulu,ADV,0,_
lalu,VERB,0,_
hitung,VERB,0,_
polarity,X,0,_
score,X,0,_
sehingga,SCONJ,0,_
diperoleh,X,0,_
tweet,X,0,_
bersentimen,VERB,0,_
negatif,ADJ,0,_
",",PUNCT,0,_
netral,ADJ,0,_
dan,CCONJ,0,_
positifi,VERB,1,positif
.,PUNCT,0,_
Perhitungan,NOUN,0,_
polarity,X,0,_
score,X,0,_
dilakukan,VERB,0,_
dengan,ADP,0,_
menjumlhkann,X,1,menjumlahkan
keseluruhan,NOUN,0,_
bobot,NOUN,0,_
teks,NOUN,0,_
pada,ADP,0,_
tweet,X,0,_
.,PUNCT,0,_
Pada,ADP,0,_
tahap,NOUN,0,_
ranking,X,0,_
candidates,X,0,_
",",PUNCT,0,_
seluruh,DET,0,_
kandidat,NOUN,0,_
diurutkan,VERB,0,_
berdasarkan,VERB,0,_
peluang,NOUN,0,_
kemunculannya,_,0,_
",",PUNCT,0,_
kandidat,NOUN,0,_
dengan,ADP,0,_
oeluang,X,1,peluang
tertinggi,ADJ,0,_
dijadikan,VERB,0,_
kokreksi,X,1,koreksi
.,PUNCT,0,_
Pertama,NUM,0,_
",",PUNCT,0,_
data,NOUN,0,_
training,X,0,_
pertama,NUM,0,_
merupakan,VERB,0,_
data,NOUN,0,_
training,X,0,_
dengan,ADP,0,_
label,NOUN,0,_
oleh,ADP,0,_
Inset,PROPN,0,_
Lexicon,PROPN,0,_
dan,CCONJ,0,_
data,NOUN,0,_
training,X,0,_
kedua,X,0,_
dengan,ADP,0,_
menggunakan,VERB,0,_
terjemhan,X,1,terjemahan
textblob,X,0,_
.,PUNCT,0,_
Kata,NOUN,0,_
',PUNCT,0,_
Dilarang,PROPN,0,_
',PUNCT,0,_
dan,CCONJ,0,_
',PUNCT,0,_
larangan,NOUN,0,_
',PUNCT,0,_
memiliki,VERB,0,_
bobot,NOUN,0,_
polarity,X,0,_
score,X,0,_
negatif,ADJ,0,_
maka,SCONJ,0,_
kalimat,NOUN,0,_
yang,SCONJ,0,_
mengandung,VERB,0,_
kata-kata,NOUN,0,_
ini,DET,0,_
cenderung,X,0,_
bersentimen,VERB,0,_
negatuff,X,1,negatif
.,PUNCT,0,_
Berdasarkan,VERB,0,_
hasil,NOUN,0,_
",",PUNCT,0,_
pelabelan,NOUN,0,_
dengan,ADP,0,_
textblob,X,0,_
lebih,ADJ,0,_
baik,ADJ,0,_
daripada,ADP,0,_
inset,X,0,_
lexicon,X,0,_
",",PUNCT,0,_
namun,CCONJ,0,_
perlu,VERB,0,_
dikaji,VERB,0,_
lebih,ADJ,0,_
mendalam,VERB,0,_
label,NOUN,0,_
sentimenn,X,1,sentimen
yang,SCONJ,0,_
dihasilkan,VERB,0,_
apakah,_,0,_
sesuuai,X,1,sesuai
dengan,ADP,0,_
sentimen,NOUN,0,_
yang,SCONJ,0,_
dianotasi,X,0,_
manual,X,0,_
oleh,ADP,0,_
ahlo,X,1,ahli
.,PUNCT,0,_
Seyiap,PROPN,1,setiap
kata,NOUN,0,_
akan,AUX,0,_
dijadikan,VERB,0,_
input,X,0,_
pada,ADP,0,_
model,NOUN,0,_
deteksi,VERB,0,_
",",PUNCT,0,_
lalu,VERB,0,_
model,NOUN,0,_
mengklompokkan,X,1,mengelompokkan
kata,NOUN,0,_
sebagai,ADP,0,_
kesalahan,NOUN,0,_
ejaan,X,0,_
atau,CCONJ,0,_
tidak,PART,0,_
.,PUNCT,0,_
Apabila,SCONJ,0,_
tidak,PART,0,_
ada,VERB,0,_
batasan,NOUN,0,_
atau,CCONJ,0,_
aturan,NOUN,0,_
yang,SCONJ,0,_
jelas,ADJ,0,_
mengenai,VERB,0,_
kandidat,NOUN,0,_
yimbul,X,1,timbul
permasalahan,NOUN,0,_
yakni,AUX,0,_
jumlah,NOUN,0,_
kandidat,NOUN,0,_
yang,SCONJ,0,_
banyak,DET,0,_
dan,CCONJ,0,_
malah,ADV,0,_
tidak,PART,0,_
relevan,ADJ,0,_
.,PUNCT,0,_
Kandidat,NOUN,0,_
terbaik,ADJ,0,_
selanjutnya,ADV,0,_
menjadi,VERB,0,_
perbaikann,X,1,perbaikan
kata,NOUN,0,_
yang,SCONJ,0,_
telah,AUX,0,_
terdeteksi,VERB,0,_
sebagai,ADP,0,_
kesalahan,NOUN,0,_
.,PUNCT,0,_
Penggunaan,NOUN,0,_
kamus,NOUN,0,_
pada,ADP,0,_
koreksi,NOUN,0,_
ejaan,X,0,_
otomatis,ADJ,0,_
di,ADP,0,_
tahun,NOUN,0,_
1970-an,NUM,0,_
masih,ADV,0,_
menjadi,VERB,0,_
kendala,NOUN,0,_
karena,SCONJ,0,_
keterbatasaan,X,1,keterbatasan
ruang,NOUN,0,_
memori,VERB,0,_
dan,CCONJ,0,_
kemampuan,NOUN,0,_
komputer,NOUN,0,_
.,PUNCT,0,_
Meskipun,SCONJ,0,_
begitu,DET,0,_
",",PUNCT,0,_
penggunaan,NOUN,0,_
kamus,NOUN,0,_
masih,ADV,0,_
memiliki,VERB,0,_
keterbatasan,X,0,_
yakni,AUX,0,_
senakin,X,1,semakin
besar,ADJ,0,_
kamus,NOUN,0,_
yang,SCONJ,0,_
digunakan,VERB,0,_
semakin,ADV,0,_
banyak,DET,0,_
pula,ADV,0,_
perhitumgan,X,1,perhitungan
edit,NOUN,0,_
distance,X,0,_
yang,SCONJ,0,_
dibutuhkan,VERB,0,_
.,PUNCT,0,_
Penggunaan,NOUN,0,_
sigmoid,X,0,_
dan,CCONJ,0,_
softmax,X,0,_
pada,ADP,0,_
output,X,0,_
layer,X,0,_
neural,X,0,_
network,X,0,_
merupakan,VERB,0,_
hal,NOUN,0,_
yang,SCONJ,0,_
sangat,ADV,0,_
lyumrah,X,1,lumrah
untuk,SCONJ,0,_
menyelesaikan,VERB,0,_
permasalahan,NOUN,0,_
supervised,X,0,_
learning,X,0,_
.,PUNCT,0,_
Kita,PRON,0,_
hidup,VERB,0,_
di,ADP,0,_
dunia,NOUN,0,_
tiga,NUM,0,_
dimensi,NOUN,0,_
",",PUNCT,0,_
sayangnya,ADV,0,_
kamera,NOUN,0,_
yang,SCONJ,0,_
uimum,X,1,umum
kita,PRON,0,_
gunakan,X,0,_
hanya,ADV,0,_
mampu,ADJ,0,_
melakukan,VERB,0,_
proyeksi,NOUN,0,_
duaa,X,1,dua
dimensi,NOUN,0,_
.,PUNCT,0,_
Penelitian,PROPN,0,_
ini,DET,0,_
akan,AUX,0,_
mempelajari,X,0,_
dampak,NOUN,0,_
penerapan,NOUN,0,_
SVM,PROPN,0,_
sebagai,ADP,0,_
output,X,0,_
layer,X,0,_
pada,ADP,0,_
PointNet,PROPN,0,_
dan,CCONJ,0,_
dampak,NOUN,0,_
expansi,X,1,ekspansi
dimensi,NOUN,0,_
terhadap,ADP,0,_
hasil,NOUN,0,_
segmentasi,VERB,0,_
.,PUNCT,0,_
PointNet,PROPN,0,_
mampu,ADJ,0,_
memproses,VERB,0,_
raw,X,0,_
point,X,0,_
cloud,X,0,_
beserta,X,0,_
fitur,X,0,_
pada,ADP,0,_
tiap-tiap,DET,0,_
point,X,0,_
tanpa,ADP,0,_
harus,AUX,0,_
melakukan,VERB,0,_
proyeksi,NOUN,0,_
dua,NUM,0,_
dminensi,X,1,dimensi
terhadap,ADP,0,_
point,X,0,_
cloud,X,0,_
.,PUNCT,0,_
Dewasa,ADJ,0,_
ini,DET,0,_
perkembangan,NOUN,0,_
teknologi,NOUN,0,_
sanggat,X,1,sangat
pest,X,1,pesat
",",PUNCT,0,_
terlihat,VERB,0,_
dari,ADP,0,_
bermacam-macam,VERB,0,_
teknologi,NOUN,0,_
yang,SCONJ,0,_
muncul,VERB,0,_
dan,CCONJ,0,_
hadir,VERB,0,_
untuk,SCONJ,0,_
membantu,VERB,0,_
kerja,VERB,0,_
manusia,NOUN,0,_
Dilansir,VERB,0,_
dari,ADP,0,_
BBC,PROPN,0,_
",",PUNCT,0,_
di,ADP,0,_
amerika,X,0,_
serikat,NOUN,0,_
perusahan,NOUN,1,perusahaan
teknologi,NOUN,0,_
seperti,ADP,0,_
Microsoft,PROPN,0,_
",",PUNCT,0,_
Facebook,PROPN,0,_
dan,CCONJ,0,_
Twitter,PROPN,0,_
telah,AUX,0,_
menerapkan,VERB,0,_
',PUNCT,0,_
work,X,0,_
from,X,0,_
home,X,0,_
',PUNCT,0,_
.,PUNCT,0,_
Dalam,ADP,0,_
berita,NOUN,0,_
yang,SCONJ,0,_
diterbitkan,VERB,0,_
oleh,ADP,0,_
BBC,PROPN,0,_
",",PUNCT,0,_
terdapat,VERB,0,_
survei,NOUN,0,_
yang,SCONJ,0,_
mengatakana,X,1,mengatakan
hampir,ADV,0,_
60,NUM,0,_
%,SYM,0,_
bisnis,NOUN,0,_
yang,SCONJ,0,_
berjalan,VERB,0,_
di,ADP,0,_
Eropa,PROPN,0,_
Barat,PROPN,0,_
dan,CCONJ,0,_
Amerika,PROPN,0,_
Utara,PROPN,0,_
",",PUNCT,0,_
25,NUM,0,_
%,SYM,0,_
dari,ADP,0,_
tenaga,NOUN,0,_
kerja,VERB,0,_
mereka,PRON,0,_
telah,AUX,0,_
menerapkan,VERB,0,_
berkerja,VERB,1,bekerja
dari,ADP,0,_
rumah,NOUN,0,_
.,PUNCT,0,_
Kebijakan,NOUN,0,_
bekerja,X,0,_
dari,ADP,0,_
rumah,NOUN,0,_
atau,CCONJ,0,_
work,X,0,_
from,X,0,_
home,X,0,_
di,ADP,0,_
Indonesia,PROPN,0,_
sendiri,ADJ,0,_
telah,AUX,0,_
diterapkan,VERB,0,_
sejak,SCONJ,0,_
presiden,NOUN,0,_
Joko,PROPN,0,_
Widodo,PROPN,0,_
maret,X,0,_
2020,NUM,0,_
menyerukan,VERB,0,_
untuk,SCONJ,0,_
melakukan,VERB,0,_
bekerja,X,0,_
dari,ADP,0,_
ruamh,X,1,rumah
.,PUNCT,0,_
Menurut,VERB,0,_
BBC,PROPN,0,_
",",PUNCT,0,_
teknologi-teknologi,NOUN,0,_
yang,SCONJ,0,_
digunakan,VERB,0,_
untuk,SCONJ,0,_
bekerja,X,0,_
dari,ADP,0,_
rumah,NOUN,0,_
akan,AUX,0,_
mejnadi,X,1,menjadi
tren,NOUN,0,_
kedepannya,X,0,_
.,PUNCT,0,_
Pada,ADP,0,_
materi,NOUN,0,_
ini,DET,0,_
",",PUNCT,0,_
peserta,X,0,_
didik,VERB,0,_
diharuskan,VERB,0,_
bisa,AUX,0,_
memahami,VERB,0,_
dan,CCONJ,0,_
menganalis,VERB,1,menganalisis
konsep,NOUN,0,_
yang,SCONJ,0,_
ada,VERB,0,_
dalam,ADP,0,_
materi,NOUN,0,_
usaha,NOUN,0,_
dan,CCONJ,0,_
energi,NOUN,0,_
.,PUNCT,0,_
Berdasarkan,VERB,0,_
hasil,NOUN,0,_
wawancara,NOUN,0,_
dengan,ADP,0,_
guru,NOUN,0,_
dalam,ADP,0,_
pembelajaran,X,0,_
fisika,NOUN,0,_
",",PUNCT,0,_
guru,NOUN,0,_
cenderung,X,0,_
hanya,ADV,0,_
menggunakan,VERB,0,_
LKS,PROPN,0,_
dan,CCONJ,0,_
powerpoint,X,0,_
di,ADP,0,_
mana,NOUN,0,_
belum,PART,0,_
mampu,ADJ,0,_
menfasilitasi,X,1,memfasilitasi
siswa,NOUN,0,_
untuk,SCONJ,0,_
berpikir,VERB,0,_
tingkat,NOUN,0,_
tinngi,X,1,tinggi
.,PUNCT,0,_
Kebijakan,NOUN,0,_
pembelajaran,X,0,_
daring,X,0,_
tentunya,_,0,_
membawa,VERB,0,_
dampka,X,1,dampak
besar,ADJ,0,_
terhadap,ADP,0,_
proses,NOUN,0,_
pembelajran,X,1,pembelajaran
",",PUNCT,0,_
khususnya,ADV,0,_
dalam,ADP,0,_
penyediaan,NOUN,0,_
dan,CCONJ,0,_
pemilihan,NOUN,0,_
perangkat,NOUN,0,_
pembelajaran,X,0,_
yang,SCONJ,0,_
sesuai,ADJ,0,_
dan,CCONJ,0,_
tepat,ADJ,0,_
.,PUNCT,0,_
Oleh,ADP,0,_
karena,SCONJ,0,_
itu,DET,0,_
",",PUNCT,0,_
diperlukan,VERB,0,_
solusi,NOUN,0,_
kteratif,X,1,kreatif
yang,SCONJ,0,_
dapat,AUX,0,_
digunakan,VERB,0,_
sebagai,ADP,0,_
alternatif,NOUN,0,_
untuk,SCONJ,0,_
menignkatakan,X,1,meningkatkan
kualitas,NOUN,0,_
prtoses,X,1,proses
pembelajaran,X,0,_
daring,X,0,_
dengan,ADP,0,_
pengembangan,NOUN,0,_
perangkat,NOUN,0,_
pembelajaran,X,0,_
yang,SCONJ,0,_
relevan,ADJ,0,_
.,PUNCT,0,_
Sebagai,ADP,0,_
salah,ADJ,0,_
satu,NUM,0,_
negara,NOUN,0,_
yang,SCONJ,0,_
terpapar,VERB,0,_
Covid,PROPN,0,_
19,NUM,0,_
",",PUNCT,0,_
pemerintah,NOUN,0,_
Inodnesia,PROPN,1,indonesia
menetapkan,VERB,0,_
kebijakan,NOUN,0,_
physical,X,0,_
distancing,X,0,_
(,PUNCT,0,_
jaga,VERB,0,_
jarak,ADJ,0,_
),PUNCT,0,_
untuk,SCONJ,0,_
mengendalikan,VERB,0,_
penyebaran,NOUN,0,_
virus,X,0,_
corona,X,0,_
.,PUNCT,0,_
Pembelajaran,PROPN,0,_
daring,X,0,_
adalah,AUX,0,_
proses,NOUN,0,_
pembelajaran,X,0,_
yang,SCONJ,0,_
dilakukan,VERB,0,_
secara,ADP,0,_
online,X,0,_
",",PUNCT,0,_
baik,ADJ,0,_
menggunakan,VERB,0,_
aplikasi,NOUN,0,_
pembelajaran,X,0,_
maupun,CCONJ,0,_
medida,X,1,media
sosial,NOUN,0,_
.,PUNCT,0,_
Pelaksanaan,NOUN,0,_
pembelajaran,X,0,_
daring,X,0,_
menuntut,VERB,0,_
guru,NOUN,0,_
untuk,SCONJ,0,_
merancang,VERB,0,_
kegiatan,NOUN,0,_
pembelajaran,X,0,_
yang,SCONJ,0,_
sesuai,ADJ,0,_
dengan,ADP,0,_
stadard,X,1,standar
proses,NOUN,0,_
pembelajaran,X,0,_
.,PUNCT,0,_
Muhidin,PROPN,0,_
&,SYM,0,_
Ubaid,PROPN,0,_
(,PUNCT,0,_
2018,NUM,0,_
),PUNCT,0,_
menyatakan,VERB,0,_
bahwa,SCONJ,0,_
bahan,NOUN,0,_
ajar,VERB,0,_
adalah,AUX,0,_
segala,DET,0,_
macam,NOUN,0,_
bentuk,NOUN,0,_
informasi,NOUN,0,_
(,PUNCT,0,_
teks,NOUN,0,_
",",PUNCT,0,_
visual,X,0,_
",",PUNCT,0,_
audio,NOUN,0,_
",",PUNCT,0,_
atau,CCONJ,0,_
gabungan,NOUN,0,_
di,ADP,0,_
antara,ADP,0,_
ketiganya,X,0,_
),PUNCT,0,_
",",PUNCT,0,_
yang,SCONJ,0,_
dibutuhkan,VERB,0,_
oleh,ADP,0,_
pelajar,NOUN,0,_
untuk,SCONJ,0,_
dipelajari,X,0,_
dan,CCONJ,0,_
disusun,VERB,0,_
dalam,ADP,0,_
rangka,NOUN,0,_
mendukng,X,0,_
aktivitas,NOUN,0,_
belajar,VERB,0,_
guna,NOUN,0,_
mencapai,VERB,0,_
komptensi,X,1,kompetensi
.,PUNCT,0,_
Hasil,NOUN,0,_
wawancara,NOUN,0,_
yang,SCONJ,0,_
dilakukan,VERB,0,_
dengan,ADP,0,_
salah,ADJ,0,_
satu,NUM,0,_
guru,NOUN,0,_
matematika,NOUN,0,_
MTs,PROPN,0,_
Negeri,PROPN,0,_
2,NUM,0,_
Medan,PROPN,0,_
pada,ADP,0,_
tanggal,NOUN,0,_
23,NUM,0,_
Oktober,PROPN,0,_
2020,NUM,0,_
menyatakan,VERB,0,_
bahwa,SCONJ,0,_
ketika,SCONJ,0,_
proses,NOUN,0,_
pembelajaran,X,0,_
",",PUNCT,0,_
siswa,NOUN,0,_
mengalami,VERB,0,_
kesulitan,NOUN,0,_
dalam,ADP,0,_
memahami,VERB,0,_
meteri,VERB,1,materi
pelajaran,NOUN,0,_
yang,SCONJ,0,_
bersifat,VERB,0,_
abstrak,ADJ,0,_
ataupun,X,0,_
yang,SCONJ,0,_
membutuhkan,VERB,0,_
visualisasi,X,0,_
seperti,ADP,0,_
yang,SCONJ,0,_
terdapat,VERB,0,_
pada,ADP,0,_
materi,NOUN,0,_
transformasi,NOUN,0,_
geometri,X,0,_
.,PUNCT,0,_
Materi,NOUN,0,_
ini,DET,0,_
merupakan,VERB,0,_
ilmu,NOUN,0,_
yang,SCONJ,0,_
mempelajari,X,0,_
tentang,ADP,0,_
perpindahan,NOUN,0,_
atau,CCONJ,0,_
pergesaram,X,1,pergeseran
objek-objek,NOUN,0,_
geometri,X,0,_
.,PUNCT,0,_
Sementara,SCONJ,0,_
itu,DET,0,_
",",PUNCT,0,_
siswa,NOUN,0,_
juga,ADV,0,_
mengaku,VERB,0,_
bahwa,SCONJ,0,_
mereka,PRON,0,_
merasa,VERB,0,_
kesulitan,NOUN,0,_
dalam,ADP,0,_
memhami,X,1,memahami
materi,NOUN,0,_
yang,SCONJ,0,_
bersifat,VERB,0,_
abstrak,ADJ,0,_
dengan,ADP,0,_
menggukan,X,1,menggunakan
bahan,NOUN,0,_
ajar,VERB,0,_
cetak,VERB,0,_
yang,SCONJ,0,_
digunakan,VERB,0,_
oleh,ADP,0,_
guru,NOUN,0,_
.,PUNCT,0,_
Bahan,NOUN,0,_
ajar,VERB,0,_
yang,SCONJ,0,_
digunakan,VERB,0,_
sekolah,NOUN,0,_
saat,NOUN,0,_
pembelajaran,X,0,_
daring,X,0,_
merupakan,VERB,0,_
jenis,NOUN,0,_
bahan,NOUN,0,_
ajar,VERB,0,_
cetak,VERB,0,_
yang,SCONJ,0,_
umunya,X,1,umumnya
berisikan,VERB,0,_
ringkasan,NOUN,0,_
materi,NOUN,0,_
",",PUNCT,0,_
contoh,NOUN,0,_
soal,NOUN,0,_
",",PUNCT,0,_
dan,CCONJ,0,_
latihan,NOUN,0,_
soal,NOUN,0,_
yang,SCONJ,0,_
hanya,ADV,0,_
melatih,VERB,0,_
siswa,NOUN,0,_
untuk,SCONJ,0,_
menghapal,X,1,menghafal
rumus,NOUN,0,_
serta,CCONJ,0,_
meniru,VERB,0,_
penyelesaian,X,0,_
contoh,NOUN,0,_
soal,NOUN,0,_
yang,SCONJ,0,_
disajikan,VERB,0,_
.,PUNCT,0,_
Penyajian,NOUN,0,_
bahan,NOUN,0,_
ajar,VERB,0,_
ini,DET,0,_
hanya,ADV,0,_
akan,AUX,0,_
membuat,VERB,0,_
siswa,NOUN,0,_
mudah,ADJ,0,_
lupa,VERB,0,_
dan,CCONJ,0,_
tidak,PART,0,_
memahami,VERB,0,_
konsep,NOUN,0,_
mateamtiak,X,1,matematika
dengan,ADP,0,_
baik,ADJ,0,_
.,PUNCT,0,_
Prinsip,NOUN,0,_
ini,DET,0,_
artinya,_,0,_
adalah,AUX,0,_
materi,NOUN,0,_
yang,SCONJ,0,_
ada,VERB,0,_
pada,ADP,0,_
bahan,NOUN,0,_
ajar,VERB,0,_
hendaknya,X,0,_
cukup,ADV,0,_
menaadai,X,1,menandai
dalam,ADP,0,_
membantu,VERB,0,_
siswa,NOUN,0,_
menguasai,VERB,0,_
kompetensi,NOUN,0,_
yang,SCONJ,0,_
diajarkan,VERB,0,_
.,PUNCT,0,_
Peserta,PROPN,0,_
didik,VERB,0,_
juga,ADV,0,_
berpendapat,X,0,_
bahwa,SCONJ,0,_
kegiatan-kegiatan,NOUN,0,_
yang,SCONJ,0,_
ada,VERB,0,_
pada,ADP,0,_
bahan,NOUN,0,_
ajat,X,1,ajar
cukup,ADV,0,_
sulit,ADJ,0,_
untuk,SCONJ,0,_
dilaksanakan,VERB,0,_
pada,ADP,0,_
saat,NOUN,0,_
proses,NOUN,0,_
pembelajaran,X,0,_
.,PUNCT,0,_
Bahan,NOUN,0,_
ajar,VERB,0,_
adalah,AUX,0,_
seperangkat,DET,0,_
materi,NOUN,0,_
baik,ADJ,0,_
tertulis,VERB,0,_
maupun,CCONJ,0,_
tidak,PART,0,_
tetrtulis,X,1,tertulis
yang,SCONJ,0,_
disusun,VERB,0,_
secara,ADP,0,_
sistematia,X,1,sistematis
sesuai,ADJ,0,_
kompetensi,NOUN,0,_
yang,SCONJ,0,_
harus,AUX,0,_
dikuasai,VERB,0,_
siswa,NOUN,0,_
dan,CCONJ,0,_
digunakan,VERB,0,_
dalam,ADP,0,_
proses,NOUN,0,_
pembelajaran,X,0,_
dengan,ADP,0,_
tujuan,NOUN,0,_
untuk,SCONJ,0,_
perencanaan,NOUN,0,_
dan,CCONJ,0,_
penelaahan,NOUN,0,_
implementasi,NOUN,0,_
pembelajaran,X,0,_
.,PUNCT,0,_
Bahan,NOUN,0,_
ajar,VERB,0,_
interaktif,X,0,_
adalah,AUX,0,_
bahan,NOUN,0,_
ajar,VERB,0,_
yang,SCONJ,0,_
mengintegrasikan,VERB,0,_
beberapa,DET,0,_
media,NOUN,0,_
pembelajaran,X,0,_
(,PUNCT,0,_
teks,NOUN,0,_
",",PUNCT,0,_
gambar,NOUN,0,_
",",PUNCT,0,_
audio,NOUN,0,_
",",PUNCT,0,_
dan,CCONJ,0,_
video,NOUN,0,_
),PUNCT,0,_
yang,SCONJ,0,_
bersifat,VERB,0,_
interaktif,X,0,_
untuk,SCONJ,0,_
mengendalikan,VERB,0,_
perintah,NOUN,0,_
atau,CCONJ,0,_
perilkau,X,1,perilaku
alami,ADJ,0,_
dari,ADP,0,_
sebuah,DET,0,_
presentasi,NOUN,0,_
sehingga,SCONJ,0,_
terjadi,VERB,0,_
hubungan,NOUN,0,_
dua,NUM,0,_
arah,NOUN,0,_
antara,ADP,0,_
bahan,NOUN,0,_
ajar,VERB,0,_
dengan,ADP,0,_
siswa,NOUN,0,_
.,PUNCT,0,_
Pembelajaran,PROPN,0,_
matematika,NOUN,0,_
realistik,X,0,_
adalah,AUX,0,_
pembelajaran,X,0,_
yang,SCONJ,0,_
berorientasi,VERB,0,_
pada,ADP,0,_
masalah,NOUN,0,_
yang,SCONJ,0,_
bersifat,VERB,0,_
realistik,X,0,_
sebagai,ADP,0,_
sumbwert,X,1,sumber
munculnya,_,0,_
konsep-konsep,NOUN,0,_
matematika,NOUN,0,_
.,PUNCT,0,_
Bahan,NOUN,0,_
ajar,VERB,0,_
yang,SCONJ,0,_
telah,AUX,0,_
dihasilkan,VERB,0,_
kemudian,ADV,0,_
di,ADP,0,_
validasi,X,0,_
oleh,ADP,0,_
dosen,NOUN,0,_
serta,CCONJ,0,_
dilakukan,VERB,0,_
uji,VERB,0,_
praktikalitas,X,0,_
oleh,ADP,0,_
guru,NOUN,0,_
dan,CCONJ,0,_
ssiswa,X,1,siswa
.,PUNCT,0,_
Siswa,NOUN,0,_
mengaku,VERB,0,_
bahwa,SCONJ,0,_
mereka,PRON,0,_
cednerung,X,1,cenderung
menghafal,VERB,0,_
rumus,NOUN,0,_
matematika,NOUN,0,_
untuk,SCONJ,0,_
menyelesaikan,VERB,0,_
soal,NOUN,0,_
dan,CCONJ,0,_
tugas,NOUN,0,_
yang,SCONJ,0,_
diberikan,VERB,0,_
oleh,ADP,0,_
guru,NOUN,0,_
.,PUNCT,0,_
Bahkan,ADP,0,_
",",PUNCT,0,_
sebagian,X,0,_
besar,ADJ,0,_
dari,ADP,0,_
peserrts,X,1,peserta
didik,VERB,0,_
hanya,ADV,0,_
mencari,VERB,0,_
jawaban,NOUN,0,_
soal,NOUN,0,_
di,ADP,0,_
internet,NOUN,0,_
tanpa,ADP,0,_
memahami,VERB,0,_
konsep,NOUN,0,_
materi,NOUN,0,_
yang,SCONJ,0,_
mereka,PRON,0,_
tulis,VERB,0,_
.,PUNCT,0,_
Banyak,DET,0,_
faktor,NOUN,0,_
yang,SCONJ,0,_
menyebabkan,VERB,0,_
seseorang,X,0,_
terkena,VERB,0,_
karatak,X,1,katarak
diantaranya,X,0,_
:,PUNCT,0,_
bertambahnya,_,0,_
umur,NOUN,0,_
",",PUNCT,0,_
status,NOUN,0,_
pendidikan,NOUN,0,_
atau,CCONJ,0,_
status,NOUN,0,_
ekonomi,NOUN,0,_
",",PUNCT,0,_
faktor,NOUN,0,_
genetika,NOUN,0,_
dan,CCONJ,0,_
pola,NOUN,0,_
hidup,VERB,0,_
.,PUNCT,0,_
Hasil,NOUN,0,_
penilaian,NOUN,0,_
kemampuan,NOUN,0,_
sains,NOUN,0,_
yang,SCONJ,0,_
telah,AUX,0,_
dilakukan,VERB,0,_
oleh,ADP,0,_
tim,NOUN,0,_
PISA,PROPN,0,_
pada,ADP,0,_
tahun,NOUN,0,_
2018,NUM,0,_
",",PUNCT,0,_
Indonesia,PROPN,0,_
berada,VERB,0,_
pada,ADP,0,_
peringkat,NOUN,0,_
71,NUM,0,_
dari,ADP,0,_
79,NUM,0,_
Negara,PROPN,0,_
yang,SCONJ,0,_
ikut,VERB,0,_
berpatrisipadsi,X,1,berpartisipasi
.,PUNCT,0,_
Peningkatan,NOUN,0,_
kemampuan,NOUN,0,_
berpikir,VERB,0,_
tingkat,NOUN,0,_
tinggi,ADJ,0,_
(,PUNCT,0,_
HOTS,PROPN,0,_
),PUNCT,0,_
dapat,AUX,0,_
dilakukan,VERB,0,_
dengan,ADP,0,_
menerapkan,VERB,0,_
pembelajaran,X,0,_
yang,SCONJ,0,_
berirentasi,X,1,berorientasi
untuk,SCONJ,0,_
mengasah,VERB,0,_
kemampuan,NOUN,0,_
berpikir,VERB,0,_
tingkat,NOUN,0,_
tinggi,ADJ,0,_
.,PUNCT,0,_
Penerapkan,PROPN,1,penerapan
pembelajaran,X,0,_
emampuan,X,1,kemampuan
berpikir,VERB,0,_
tingkat,NOUN,0,_
tinggi,ADJ,0,_
menjadi,VERB,0,_
jembatan,NOUN,0,_
untuk,SCONJ,0,_
melatih,VERB,0,_
siswa,NOUN,0,_
untuk,SCONJ,0,_
terampil,ADJ,0,_
menganalisis,VERB,0,_
",",PUNCT,0,_
mensistesis,X,1,menyintesis
dan,CCONJ,0,_
mengevaluasi,VERB,0,_
serta,CCONJ,0,_
menarik,VERB,0,_
kesimpulan,NOUN,0,_
hingga,ADP,0,_
mampu,ADJ,0,_
menentukan,VERB,0,_
alternatif,NOUN,0,_
dari,ADP,0,_
sebuah,DET,0,_
permasalahan,NOUN,0,_
.,PUNCT,0,_
E-modul,X,0,_
dapat,AUX,0,_
memuat,VERB,0,_
iinfromasi,X,1,informasi
berupa,VERB,0,_
video,NOUN,0,_
",",PUNCT,0,_
animasi,X,0,_
",",PUNCT,0,_
diagram,NOUN,0,_
",",PUNCT,0,_
dan,CCONJ,0,_
teks,NOUN,0,_
sehingga,SCONJ,0,_
peserta,X,0,_
didik,VERB,0,_
dapat,AUX,0,_
memahami,VERB,0,_
lebih,ADJ,0,_
dalam,ADP,0,_
materi,NOUN,0,_
yang,SCONJ,0,_
dipelajari,X,0,_
.,PUNCT,0,_
Pmbelajaran,PROPN,1,pembelajaran
online,X,0,_
didefinisikan,VERB,0,_
sebagai,ADP,0,_
pengalaman,NOUN,0,_
transfer,VERB,0,_
pengetahuan,X,0,_
menggunakan,VERB,0,_
video,NOUN,0,_
",",PUNCT,0,_
audio,NOUN,0,_
",",PUNCT,0,_
gambar,NOUN,0,_
",",PUNCT,0,_
komunikasi,NOUN,0,_
teks,NOUN,0,_
",",PUNCT,0,_
perangkat,NOUN,0,_
lunak,ADJ,0,_
.,PUNCT,0,_
Pada,ADP,0,_
materi,NOUN,0,_
ini,DET,0,_
",",PUNCT,0,_
peserta,X,0,_
didik,VERB,0,_
diharuskan,VERB,0,_
bisa,AUX,0,_
memahami,VERB,0,_
dan,CCONJ,0,_
menganalis,VERB,1,menganalisis
konsep,NOUN,0,_
yang,SCONJ,0,_
ada,VERB,0,_
dalam,ADP,0,_
materi,NOUN,0,_
usaha,NOUN,0,_
dan,CCONJ,0,_
energi,NOUN,0,_
.,PUNCT,0,_
Problem,PROPN,0,_
solving,X,0,_
merupakan,VERB,0,_
sebuah,DET,0,_
proses,NOUN,0,_
pembelajaran,X,0,_
yang,SCONJ,0,_
melakukan,VERB,0,_
pemusatan,NOUN,0,_
pada,ADP,0,_
pengajaran,X,0,_
dan,CCONJ,0,_
keterampilan,NOUN,0,_
pemecahan,NOUN,0,_
asalah,X,1,masalah
yang,SCONJ,0,_
diikuti,VERB,0,_
dengan,ADP,0,_
penguatan,X,0,_
keterampilan,NOUN,0,_
.,PUNCT,0,_
Masalah,NOUN,0,_
didefinisikan,VERB,0,_
sebagai,ADP,0,_
senbuah,X,1,sebuah
persalan,X,1,persoalan
yang,SCONJ,0,_
tidak,PART,0,_
rutin,ADJ,0,_
dan,CCONJ,0,_
belum,PART,0,_
dikenal,VERB,0,_
cara,NOUN,0,_
penyelesaiannya,X,0,_
.,PUNCT,0,_
Kelebihan,NOUN,0,_
metode,NOUN,0,_
pembelakjaran,X,1,pembelajaran
problem,X,0,_
solving,X,0,_
diantaranya,X,0,_
melatih,VERB,0,_
siswa,NOUN,0,_
untuk,SCONJ,0,_
menghadapi,VERB,0,_
problem,X,0,_
atau,CCONJ,0,_
situasi,NOUN,0,_
yang,SCONJ,0,_
timbul,ADJ,0,_
secara,ADP,0,_
spontan,ADJ,0,_
.,PUNCT,0,_
Bahan,NOUN,0,_
sajar,X,1,ajar
adalah,AUX,0,_
segala,DET,0,_
bahan,NOUN,0,_
",",PUNCT,0,_
baik,ADJ,0,_
informasi,NOUN,0,_
",",PUNCT,0,_
alat,NOUN,0,_
",",PUNCT,0,_
maupun,CCONJ,0,_
teks,NOUN,0,_
yang,SCONJ,0,_
disusun,VERB,0,_
secara,ADP,0,_
sestematis,X,1,sistematis
",",PUNCT,0,_
yang,SCONJ,0,_
menampilkan,VERB,0,_
sosok,NOUN,0,_
utuh,ADJ,0,_
dari,ADP,0,_
kompetensi,NOUN,0,_
yang,SCONJ,0,_
akan,AUX,0,_
dikuasai,VERB,0,_
oleh,ADP,0,_
peserta,X,0,_
didik,VERB,0,_
.,PUNCT,0,_
Bahan,NOUN,0,_
ajar,VERB,0,_
merupakan,VERB,0,_
informasi,NOUN,0,_
",",PUNCT,0,_
alat,NOUN,0,_
dan,CCONJ,0,_
teks,NOUN,0,_
yang,SCONJ,0,_
diperlukan,VERB,0,_
guru,NOUN,0,_
atau,CCONJ,0,_
instrukstur,X,1,instruktur
untuk,SCONJ,0,_
perencanaan,NOUN,0,_
dan,CCONJ,0,_
implementasi,NOUN,0,_
pembelarajan,X,1,pembelajaran
.,PUNCT,0,_
Modul,NOUN,0,_
adalah,AUX,0,_
satuan,X,0,_
unit,NOUN,0,_
lengkap,ADJ,0,_
yang,SCONJ,0,_
terdiri,X,0,_
dari,ADP,0,_
rangkaiuan,X,1,rangkaian
kegiatan,NOUN,0,_
pembelajaran,X,0,_
yang,SCONJ,0,_
disusun,VERB,0,_
untuk,SCONJ,0,_
membantu,VERB,0,_
peserta,X,0,_
didik,VERB,0,_
dalam,ADP,0,_
mmencapai,X,1,mencapai
tujuan,NOUN,0,_
yang,SCONJ,0,_
dirumuskan,VERB,0,_
secara,ADP,0,_
khusus,ADJ,0,_
dan,CCONJ,0,_
jelas,ADJ,0,_
.,PUNCT,0,_
Usaha,NOUN,0,_
atau,CCONJ,0,_
kerja,VERB,0,_
dapat,AUX,0,_
didefinisikan,VERB,0,_
sebagai,ADP,0,_
hasil,NOUN,0,_
kali,NOUN,0,_
gaya,NOUN,0,_
dengan,ADP,0,_
perpindaahn,X,1,perpindahan
titik,NOUN,0,_
di,ADP,0,_
mana,NOUN,0,_
gaya,NOUN,0,_
itu,DET,0,_
bekerja,X,0,_
.,PUNCT,0,_
Usaha,NOUN,0,_
positifn,X,1,positif
terjadi,VERB,0,_
apabila,SCONJ,0,_
arah,NOUN,0,_
gaya,NOUN,0,_
yang,SCONJ,0,_
bekerja,X,0,_
pada,ADP,0,_
bedan,X,1,benda
searah,DET,0,_
dengan,ADP,0,_
arah,NOUN,0,_
perpindahan,NOUN,0,_
benda,NOUN,0,_
.,PUNCT,0,_
Usaha,NOUN,0,_
nol,NUM,0,_
terjadi,VERB,0,_
apabila,SCONJ,0,_
gaya,NOUN,0,_
yang,SCONJ,0,_
bekerja,X,0,_
pada,ADP,0,_
benda,NOUN,0,_
tidak,PART,0,_
menyebabkan,VERB,0,_
benda,NOUN,0,_
tersebut,VERB,0,_
bergeak,X,1,bergerak
.,PUNCT,0,_
Bahan,NOUN,0,_
ajar,VERB,0,_
interaktif,X,0,_
berbasis,VERB,0,_
pendidikan,NOUN,0,_
matematika,NOUN,0,_
realistik,X,0,_
yang,SCONJ,0,_
dikembangkan,VERB,0,_
telah,AUX,0,_
teruji,VERB,0,_
valit,X,1,valid
dan,CCONJ,0,_
praktis,ADJ,0,_
",",PUNCT,0,_
namun,CCONJ,0,_
belum,PART,0,_
efektif,ADJ,0,_
.,PUNCT,0,_
Ekstraksi,NOUN,0,_
gambar,NOUN,0,_
pupil,X,0,_
selanjutnya,ADV,0,_
diklasifikasikan,VERB,0,_
dengan,ADP,0,_
bantan,X,1,bantuan
Convolutional,PROPN,0,_
Neural,PROPN,0,_
Network,PROPN,0,_
.,PUNCT,0,_
Siswa,NOUN,0,_
menisi,X,1,mengisi
angket,NOUN,0,_
di,ADP,0,_
mana,NOUN,0,_
hal,NOUN,0,_
ini,DET,0,_
bertujuan,VERB,0,_
untuk,SCONJ,0,_
mendapatkan,VERB,0,_
data,NOUN,0,_
mengenai,VERB,0,_
responn,X,1,respon
siswa,NOUN,0,_
terhadap,ADP,0,_
bahan,NOUN,0,_
ajar,VERB,0,_
interaktif,X,0,_
.,PUNCT,0,_
Lembar,NOUN,0,_
vadlidasi,X,1,validasi
bahan,NOUN,0,_
ajar,VERB,0,_
interaktif,X,0,_
akan,AUX,0,_
diberikan,VERB,0,_
kepada,ADP,0,_
ahli,NOUN,0,_
media,NOUN,0,_
untuk,SCONJ,0,_
melihat,VERB,0,_
kesesuaian,NOUN,0,_
komponen-komponen,NOUN,0,_
bahan,NOUN,0,_
ajar,VERB,0,_
interaktif,X,0,_
dengan,ADP,0,_
materi,NOUN,0,_
transformasi,NOUN,0,_
geometri,X,0,_
.,PUNCT,0,_
Insdtrumen,PROPN,1,instrumen
dalam,ADP,0,_
penelitian,X,0,_
ini,DET,0,_
akan,AUX,0,_
digunakan,VERB,0,_
untuk,SCONJ,0,_
mengukur,VERB,0,_
caliditas,X,1,validitas
dan,CCONJ,0,_
praktikalitas,X,0,_
bahan,NOUN,0,_
ajar,VERB,0,_
interaktif,X,0,_
yang,SCONJ,0,_
dikembangkan,VERB,0,_
.,PUNCT,0,_
Esensi,VERB,0,_
dari,ADP,0,_
pendekatan,X,0,_
sistem,NOUN,0,_
adalah,AUX,0,_
membagi,VERB,0,_
proses,NOUN,0,_
perencanaam,X,1,perencanaan
pembelajaran,X,0,_
ke,ADP,0,_
beberapa,DET,0,_
langkah,NOUN,0,_
yang,SCONJ,0,_
diurutkan,VERB,0,_
secara,ADP,0,_
logis,ADJ,0,_
",",PUNCT,0,_
sehingga,SCONJ,0,_
output,X,0,_
dari,ADP,0,_
setiap,X,0,_
langkah,NOUN,0,_
akan,AUX,0,_
dijadikan,VERB,0,_
sebagai,ADP,0,_
input,X,0,_
pada,ADP,0,_
langkjag,X,1,langkah
berikutnya,_,0,_
.,PUNCT,0,_
Penelitian,PROPN,0,_
pengebmangan,X,1,pengembangan
ini,DET,0,_
berorientasi,VERB,0,_
pada,ADP,0,_
pengembangan,NOUN,0,_
produk,NOUN,0,_
di,ADP,0,_
mana,NOUN,0,_
proses,NOUN,0,_
pengembangannya,_,0,_
dideskripsikan,VERB,0,_
dan,CCONJ,0,_
produk,NOUN,0,_
akhirnya,ADV,0,_
dievaluasi,X,0,_
.,PUNCT,0,_
bahan,NOUN,0,_
ajar,VERB,0,_
adalah,AUX,0,_
suatu,DET,0,_
informasi,NOUN,0,_
",",PUNCT,0,_
alat,NOUN,0,_
",",PUNCT,0,_
teks,NOUN,0,_
serta,CCONJ,0,_
bahan,NOUN,0,_
teryulis,X,1,tertulis
maupun,CCONJ,0,_
tidak,PART,0,_
tertulis,VERB,0,_
yang,SCONJ,0,_
digunakan,VERB,0,_
pendidik,NOUN,0,_
dalam,ADP,0,_
kegiatan,NOUN,0,_
belajar,VERB,0,_
mengatar,X,1,mengajar
untuk,SCONJ,0,_
implemenrsi,X,1,implementasi
pembelajaran,X,0,_
.,PUNCT,0,_
Bahan,NOUN,0,_
ajar,VERB,0,_
sebagai,ADP,0,_
speerangkat,X,1,seperangkat
dalam,ADP,0,_
proses,NOUN,0,_
pembelajaran,X,0,_
tersusun,VERB,0,_
secara,ADP,0,_
sistematis,X,0,_
",",PUNCT,0,_
menjelaskan,VERB,0,_
tujuan,NOUN,0,_
pembelajaran,X,0,_
",",PUNCT,0,_
memberikan,VERB,0,_
motiavasi,X,1,motivasi
belajar,VERB,0,_
",",PUNCT,0,_
mengantisipasi,VERB,0,_
kesulitan,NOUN,0,_
belajar,VERB,0,_
",",PUNCT,0,_
memberi,VERB,0,_
latihan,NOUN,0,_
",",PUNCT,0,_
menyediakan,VERB,0,_
rangkuman,NOUN,0,_
",",PUNCT,0,_
dan,CCONJ,0,_
berorientasi,VERB,0,_
pada,ADP,0,_
kegiatan,NOUN,0,_
belajar,VERB,0,_
mandiri,ADJ,0,_
bagi,ADP,0,_
siswa,NOUN,0,_
.,PUNCT,0,_
Sedangkan,CCONJ,0,_
menurut,VERB,0,_
Widodo,PROPN,0,_
dan,CCONJ,0,_
Jasmadi,PROPN,0,_
(,PUNCT,0,_
2008,NUM,0,_
),PUNCT,0,_
",",PUNCT,0,_
bahan,NOUN,0,_
ajar,VERB,0,_
adalah,AUX,0,_
seperangkat,DET,0,_
saranas,X,1,sarana
atau,CCONJ,0,_
alat,NOUN,0,_
pembelajaran,X,0,_
yang,SCONJ,0,_
berisikan,VERB,0,_
materi,NOUN,0,_
pembelajaran,X,0,_
",",PUNCT,0,_
metode,NOUN,0,_
",",PUNCT,0,_
batasan-batasan,NOUN,0,_
",",PUNCT,0,_
dan,CCONJ,0,_
cara,NOUN,0,_
mengevaluasi,VERB,0,_
yang,SCONJ,0,_
didesain,X,0,_
secara,ADP,0,_
sistematis,X,0,_
dan,CCONJ,0,_
menarik,VERB,0,_
dalam,ADP,0,_
rangka,NOUN,0,_
memcapai,X,1,mencapai
tujuan,NOUN,0,_
yang,SCONJ,0,_
diharapkan,VERB,0,_
.,PUNCT,0,_
Berdasarkan,VERB,0,_
kebijakan,NOUN,0,_
Direktorat,PROPN,0,_
Sekolah,PROPN,0,_
Menengah,PROPN,0,_
Pertama,PROPN,0,_
",",PUNCT,0,_
terdapat,VERB,0,_
tiga,NUM,0,_
prinsip,NOUN,0,_
yang,SCONJ,0,_
harus,AUX,0,_
diperhatikan,VERB,0,_
dalam,ADP,0,_
penyusunan,NOUN,0,_
bahan,NOUN,0,_
ajar,VERB,0,_
yalni,X,1,yakni
:,PUNCT,0,_
prinsip,NOUN,0,_
relevansi,NOUN,0,_
",",PUNCT,0,_
prinsip,NOUN,0,_
konsistensi,X,0,_
dan,CCONJ,0,_
prisnip,X,1,prinsip
kecukuapn,X,1,kecukupan
.,PUNCT,0,_
Prinsip,NOUN,0,_
relevansi,NOUN,0,_
berkaitan,VERB,0,_
dengan,ADP,0,_
materi,NOUN,0,_
pembelajaran,X,0,_
hendaknya,X,0,_
relevan,ADJ,0,_
atau,CCONJ,0,_
ada,VERB,0,_
kaitan,NOUN,0,_
dan,CCONJ,0,_
hubungann,X,1,hubungan
dengan,ADP,0,_
pencapaian,NOUN,0,_
komptensi,X,1,kompetensi
inti,NOUN,0,_
dan,CCONJ,0,_
kompetensi,NOUN,0,_
dasar,NOUN,0,_
.,PUNCT,0,_
Prinsip,NOUN,0,_
konsistensi,X,0,_
berkaitan,VERB,0,_
deggan,X,1,dengan
kompetensi,NOUN,0,_
dasar,NOUN,0,_
yang,SCONJ,0,_
harus,AUX,0,_
dikuasai,VERB,0,_
siswa,NOUN,0,_
empat,NUM,0,_
macam,NOUN,0,_
",",PUNCT,0,_
maka,SCONJ,0,_
bahan,NOUN,0,_
ajar,VERB,0,_
yang,SCONJ,0,_
harus,AUX,0,_
diajarkan,VERB,0,_
juga,ADV,0,_
harus,AUX,0,_
meliputi,VERB,0,_
empat,NUM,0,_
macam,NOUN,0,_
.,PUNCT,0,_
Prinsip,NOUN,0,_
kecukupan,NOUN,0,_
berkaitan,VERB,0,_
dengan,ADP,0,_
materi,NOUN,0,_
yang,SCONJ,0,_
diajarkan,VERB,0,_
hendaknya,X,0,_
cukup,ADV,0,_
memadai,X,0,_
dalam,ADP,0,_
membantu,VERB,0,_
siswa,NOUN,0,_
mengausau,X,1,menguasai
kompetensi,NOUN,0,_
dasar,NOUN,0,_
yang,SCONJ,0,_
diajarkan,VERB,0,_
.,PUNCT,0,_
Analisis,NOUN,0,_
merupakan,VERB,0,_
salah,ADJ,0,_
satu,NUM,0,_
tahap,NOUN,0,_
dalam,ADP,0,_
menganlisis,X,1,menganalisis
kelayakan,NOUN,0,_
dan,CCONJ,0,_
syarat-syarat,NOUN,0,_
pengembangan,NOUN,0,_
model,NOUN,0,_
",",PUNCT,0,_
metode,NOUN,0,_
",",PUNCT,0,_
ataupun,X,0,_
media,NOUN,0,_
baru,ADJ,0,_
dalam,ADP,0,_
pembelajaran,X,0,_
.,PUNCT,0,_
Design,PROPN,0,_
merupakan,VERB,0,_
tahap,NOUN,0,_
dalam,ADP,0,_
menrancang,X,1,merancang
sebuah,DET,0,_
strategi,NOUN,0,_
dalam,ADP,0,_
menyelesaikan,VERB,0,_
permasalahan,NOUN,0,_
yang,SCONJ,0,_
ditemukan,VERB,0,_
pada,ADP,0,_
saat,NOUN,0,_
proses,NOUN,0,_
analisis,NOUN,0,_
.,PUNCT,0,_
Dalam,ADP,0,_
tahap,NOUN,0,_
desain,NOUN,0,_
",",PUNCT,0,_
telah,AUX,0,_
disusun,VERB,0,_
kerangka,NOUN,0,_
konsepyual,X,1,konseptual
penerapan,NOUN,0,_
model,NOUN,0,_
/,SYM,0,_
metode,NOUN,0,_
/,SYM,0,_
media,NOUN,0,_
pembelajaran,X,0,_
baru,ADJ,0,_
.,PUNCT,0,_
Pada,ADP,0,_
tahap,NOUN,0,_
implement,X,0,_
",",PUNCT,0,_
proses,NOUN,0,_
implementasi,NOUN,0,_
terhadap,ADP,0,_
rencana,NOUN,0,_
manajemem,X,1,manajemen
pembelajaran,X,0,_
dan,CCONJ,0,_
melakukan,VERB,0,_
pembelajaran,X,0,_
dan,CCONJ,0,_
pelatihan,NOUN,0,_
.,PUNCT,0,_
Pengembangan,NOUN,0,_
materi,NOUN,0,_
bahan,NOUN,0,_
ajar,VERB,0,_
sangat,ADV,0,_
berghantung,X,1,bergantung
pada,ADP,0,_
model,NOUN,0,_
silabus,X,0,_
atau,CCONJ,0,_
kurikulum,NOUN,0,_
yang,SCONJ,0,_
berlaku,VERB,0,_
.,PUNCT,0,_
validitas,NOUN,0,_
adalah,AUX,0,_
kriteria,NOUN,0,_
yang,SCONJ,0,_
paling,ADV,0,_
kriti,X,1,kritik
dan,CCONJ,0,_
menunjukkan,VERB,0,_
sejauh,X,0,_
mana,NOUN,0,_
sebuah,DET,0,_
instrumenb,X,1,instrumen
mengukur,VERB,0,_
apa,PRON,0,_
yang,SCONJ,0,_
seharusnya,ADV,0,_
diukur,VERB,0,_
.,PUNCT,0,_
Menurut,VERB,0,_
Endra,PROPN,0,_
(,PUNCT,0,_
2017,NUM,0,_
),PUNCT,0,_
",",PUNCT,0,_
validasi,X,0,_
adalah,AUX,0,_
sebuah,DET,0,_
proses,NOUN,0,_
yang,SCONJ,0,_
dilakkan,X,1,dilakukan
oleh,ADP,0,_
penyusun,NOUN,0,_
atau,CCONJ,0,_
pengguna,NOUN,0,_
instrumen,NOUN,0,_
untuk,SCONJ,0,_
mengumpulkan,VERB,0,_
data,NOUN,0,_
secara,ADP,0,_
empiris,X,0,_
guna,NOUN,0,_
mendukung,VERB,0,_
kesmpulan,X,1,kesimpulan
yang,SCONJ,0,_
dihasilkan,VERB,0,_
oleh,ADP,0,_
skor,NOUN,0,_
instrument,X,0,_
.,PUNCT,0,_
Komponen,NOUN,0,_
penyajian,NOUN,0,_
ini,DET,0,_
diuraikan,VERB,0,_
menjadi,VERB,0,_
beberapa,DET,0,_
subkomponen,X,0,_
atau,CCONJ,0,_
indiaktor,X,1,indikator
berikut,VERB,0,_
:,PUNCT,0,_
(,PUNCT,0,_
a,X,0,_
),PUNCT,0,_
Teknik,PROPN,0,_
",",PUNCT,0,_
(,PUNCT,0,_
b,X,0,_
),PUNCT,0,_
Materi,PROPN,0,_
",",PUNCT,0,_
dan,CCONJ,0,_
(,PUNCT,0,_
c,X,0,_
),PUNCT,0,_
Pembelajaran,PROPN,0,_
.,PUNCT,0,_
Terdapat,VERB,0,_
empat,NUM,0,_
jenis,NOUN,0,_
trasnformasi,X,1,transformasi
geometri,X,0,_
",",PUNCT,0,_
yakni,AUX,0,_
:,PUNCT,0,_
translasi,X,0,_
",",PUNCT,0,_
refleksi,NOUN,0,_
",",PUNCT,0,_
rotasi,NOUN,0,_
dan,CCONJ,0,_
dilatasi,X,0,_
.,PUNCT,0,_
Translasi,PROPN,0,_
merupakan,VERB,0,_
pereseran,X,1,pergeseran
atau,CCONJ,0,_
pemindahan,NOUN,0,_
semua,DET,0,_
titik,NOUN,0,_
pada,ADP,0,_
bidang,NOUN,0,_
geomekri,X,1,geometri
sejauh,X,0,_
dan,CCONJ,0,_
arah,NOUN,0,_
yang,SCONJ,0,_
sama,ADJ,0,_
.,PUNCT,0,_
Refleksi,NOUN,0,_
merupakan,VERB,0,_
transformasi,NOUN,0,_
geometri,X,0,_
berupa,VERB,0,_
pergeseran,NOUN,0,_
atau,CCONJ,0,_
pemindahann,X,1,pemindahan
semua,DET,0,_
titik,NOUN,0,_
pdaa,X,1,pada
bidang,NOUN,0,_
geometri,X,0,_
ke,ADP,0,_
arah,NOUN,0,_
sebuah,DET,0,_
garis,NOUN,0,_
atau,CCONJ,0,_
cermin,NOUN,0,_
dengan,ADP,0,_
jarak,ADJ,0,_
sama,ADJ,0,_
dengan,ADP,0,_
dua,NUM,0,_
kali,NOUN,0,_
jarak,ADJ,0,_
titik,NOUN,0,_
ke,ADP,0,_
cermin,NOUN,0,_
.,PUNCT,0,_
Rotasi,NOUN,0,_
adalah,AUX,0,_
perubahan,NOUN,0,_
kedudukan,NOUN,0,_
atau,CCONJ,0,_
posisi,NOUN,0,_
objek,NOUN,0,_
dengan,ADP,0,_
cara,NOUN,0,_
diputar,VERB,0,_
terhadap,ADP,0,_
sumbu,X,0,_
perputarab,X,1,perputaran
dan,CCONJ,0,_
sudut,NOUN,0,_
tertentu,ADJ,0,_
.,PUNCT,0,_
Dilatasi,PROPN,0,_
adalah,AUX,0,_
transformasi,NOUN,0,_
yang,SCONJ,0,_
mengubah,VERB,0,_
ukuran,NOUN,0,_
berupa,VERB,0,_
pebresaran,X,1,perbesaran
atau,CCONJ,0,_
oengecilan,X,1,pengecilan
dari,ADP,0,_
sebuah,DET,0,_
bangun,VERB,0,_
geometri,X,0,_
.,PUNCT,0,_
Beberapa,DET,0,_
hasil,NOUN,0,_
penelitian,X,0,_
yag,X,1,yang
ada,VERB,0,_
menunjukkan,VERB,0,_
bahwa,SCONJ,0,_
penggunaan,NOUN,0,_
pendakatan,X,1,pendekatan
Pendidikan,PROPN,0,_
Matematika,PROPN,0,_
Realistik,PROPN,0,_
(,PUNCT,0,_
PMR,PROPN,0,_
),PUNCT,0,_
yang,SCONJ,0,_
dipadukan,VERB,0,_
dengan,ADP,0,_
pemanfaatan,NOUN,0,_
media,NOUN,0,_
interaktif,X,0,_
valid,X,0,_
dan,CCONJ,0,_
praktis,ADJ,0,_
dalam,ADP,0,_
menigkatkan,X,1,meningkatkan
hasil,NOUN,0,_
dan,CCONJ,0,_
proses,NOUN,0,_
pembelajaran,X,0,_
.,PUNCT,0,_
Proses,NOUN,0,_
pengembangan,NOUN,0,_
bahan,NOUN,0,_
ajar,VERB,0,_
interaktif,X,0,_
bernasis,X,1,berbasis
pendekatan,X,0,_
matematika,NOUN,0,_
realistik,X,0,_
dilakukan,VERB,0,_
dengan,ADP,0,_
model,NOUN,0,_
penelitian,X,0,_
pengembangan,NOUN,0,_
Analysis,PROPN,0,_
",",PUNCT,0,_
Design,PROPN,0,_
",",PUNCT,0,_
Development,PROPN,0,_
",",PUNCT,0,_
Implementation,PROPN,0,_
",",PUNCT,0,_
Evaluation,PROPN,0,_
(,PUNCT,0,_
ADDIE,PROPN,0,_
),PUNCT,0,_
.,PUNCT,0,_
Validasi,PROPN,0,_
bahan,NOUN,0,_
ajar,VERB,0,_
interaktif,X,0,_
dilakukan,VERB,0,_
untuk,SCONJ,0,_
mengukur,VERB,0,_
kesusuaiann,X,1,kesesuaian
atau,CCONJ,0,_
kelayakan,NOUN,0,_
dari,ADP,0,_
bahan,NOUN,0,_
ajar,VERB,0,_
interaktif,X,0,_
dan,CCONJ,0,_
perangkat,NOUN,0,_
pembelajaran,X,0,_
pendukungnya,_,0,_
(,PUNCT,0,_
RPP,PROPN,0,_
dan,CCONJ,0,_
angket,NOUN,0,_
respon,X,0,_
),PUNCT,0,_
.,PUNCT,0,_
Praktisitas,PROPN,0,_
bahan,NOUN,0,_
ajar,VERB,0,_
interaktif,X,0,_
dilakukan,VERB,0,_
untuk,SCONJ,0,_
menggukur,X,1,mengukur
tingkat,NOUN,0,_
kepraktisan,NOUN,0,_
(,PUNCT,0,_
kemudahan,NOUN,0,_
),PUNCT,0,_
penggunaan,NOUN,0,_
bahan,NOUN,0,_
ajar,VERB,0,_
interaktif,X,0,_
pada,ADP,0,_
proses,NOUN,0,_
pembelajaran,X,0,_
.,PUNCT,0,_
Songket,PROPN,0,_
Palembang,PROPN,0,_
adalah,AUX,0,_
kain,NOUN,0,_
yang,SCONJ,0,_
ditenun,VERB,0,_
dengan,ADP,0,_
menggunakan,VERB,0,_
bernang,X,1,benang
emas,NOUN,0,_
atau,CCONJ,0,_
benang,NOUN,0,_
perak,NOUN,0,_
yang,SCONJ,0,_
dihasilkan,VERB,0,_
dari,ADP,0,_
daerah-daerah,NOUN,0,_
tertentu,ADJ,0,_
saja,ADV,0,_
",",PUNCT,0,_
salah,ADJ,0,_
satunya,X,0,_
yakni,AUX,0,_
Kabypaten,PROPN,1,kabupaten
Ogan,PROPN,0,_
Ilir,PROPN,0,_
.,PUNCT,0,_
Tenun,VERB,0,_
Songkwt,PROPN,1,songket
Palembang,PROPN,0,_
kekhususan,NOUN,0,_
yakni,AUX,0,_
corak,NOUN,0,_
ragam,NOUN,0,_
hias,VERB,0,_
kain,NOUN,0,_
tenun,VERB,0,_
songket,X,0,_
sebagian,X,0,_
besar,ADJ,0,_
dipengaruhi,VERB,0,_
oleh,ADP,0,_
budaya,NOUN,0,_
dari,ADP,0,_
negara,NOUN,0,_
China,PROPN,0,_
dan,CCONJ,0,_
India,PROPN,0,_
",",PUNCT,0,_
serta,CCONJ,0,_
budaya,NOUN,0,_
Hindu,PROPN,0,_
",",PUNCT,0,_
Budha,PROPN,0,_
",",PUNCT,0,_
dan,CCONJ,0,_
Islam,PROPN,0,_
.,PUNCT,0,_
Proses,NOUN,0,_
asimilasi,X,0,_
budaya,NOUN,0,_
yang,SCONJ,0,_
terjadi,VERB,0,_
dalam,ADP,0,_
songket,X,0,_
membuat,VERB,0,_
songket,X,0,_
memiliki,VERB,0,_
nilai,NOUN,0,_
sjerah,X,1,sejarah
dan,CCONJ,0,_
budaya,NOUN,0,_
yang,SCONJ,0,_
tinggi,ADJ,0,_
sehingga,SCONJ,0,_
bernilai,VERB,0,_
ekonomi,NOUN,0,_
yang,SCONJ,0,_
tinggi,ADJ,0,_
pyla,X,1,pula
.,PUNCT,0,_
Berdasarkan,VERB,0,_
data,NOUN,0,_
badan,NOUN,0,_
pusat,NOUN,0,_
statisitik,X,1,statistik
(,PUNCT,0,_
BPS,PROPN,0,_
),PUNCT,0,_
Kabupaten,PROPN,0,_
Ogan,PROPN,0,_
Ilir,PROPN,0,_
",",PUNCT,0,_
sektor,NOUN,0,_
undustri,X,1,industri
olahan,NOUN,0,_
memberikan,VERB,0,_
kontribusi,NOUN,0,_
sebesar,X,0,_
"11,52",NUM,0,_
persen,NOUN,0,_
dari,ADP,0,_
Produk,PROPN,0,_
Domestik,PROPN,0,_
Regional,PROPN,0,_
Bruto,PROPN,0,_
(,PUNCT,0,_
PDRB,PROPN,0,_
),PUNCT,0,_
Kabupaten,PROPN,0,_
Ogan,PROPN,0,_
Ilir,PROPN,0,_
.,PUNCT,0,_
Data,NOUN,0,_
BPS,PROPN,0,_
lain,ADJ,0,_
menunjukkan,VERB,0,_
rringkat,X,1,tingkat
kemsikinan,X,1,kemiskinan
pekerja,NOUN,0,_
di,ADP,0,_
sekotr,X,1,sektor
oalahan,X,1,olahan
yang,SCONJ,0,_
tinggi,ADJ,0,_
di,ADP,0,_
Kabupaten,PROPN,0,_
Ogan,PROPN,0,_
Ilir,PROPN,0,_
yang,SCONJ,0,_
berkebalikan,X,0,_
denga,X,1,dengan
data,NOUN,0,_
kontrisubi,X,1,kontribusi
PDRB,PROPN,0,_
.,PUNCT,0,_
Berdasarkan,VERB,0,_
data,NOUN,0,_
yang,SCONJ,0,_
ada,VERB,0,_
",",PUNCT,0,_
kemiskinan,NOUN,0,_
masih,ADV,0,_
mejadi,X,1,menjadi
salsah,X,1,salah
satu,NUM,0,_
masalah,NOUN,0,_
di,ADP,0,_
Kabupaten,PROPN,0,_
Ogan,PROPN,0,_
Ilir,PROPN,0,_
.,PUNCT,0,_
Salah,ADJ,0,_
satu,NUM,0,_
upaya,NOUN,0,_
yang,SCONJ,0,_
dapat,AUX,0,_
dilakukan,VERB,0,_
untuk,SCONJ,0,_
menekan,VERB,0,_
angka,NOUN,0,_
kemiskinan,NOUN,0,_
yaitu,AUX,0,_
dengan,ADP,0,_
meningkatkan,VERB,0,_
produktivitas,NOUN,0,_
pengerajin,X,1,pengrajin
songket,X,0,_
.,PUNCT,0,_
Peningkatan,NOUN,0,_
produktivitas,NOUN,0,_
pengrajin,NOUN,0,_
songket,X,0,_
dapat,AUX,0,_
dioptimalkan,VERB,0,_
dengan,ADP,0,_
pengoptimalan,X,0,_
faktor-faktor,NOUN,0,_
yang,SCONJ,0,_
berpengarh,X,1,berpengaruh
terhadap,ADP,0,_
produktivitas,NOUN,0,_
itu,DET,0,_
sendiri,ADJ,0,_
.,PUNCT,0,_
Statistik,NOUN,0,_
deskriptif,X,0,_
adalah,AUX,0,_
pengolahan,NOUN,0,_
data,NOUN,0,_
dengan,ADP,0,_
tujuan,NOUN,0,_
mendeskripikan,X,1,mendeskripsikan
atau,CCONJ,0,_
memberi,VERB,0,_
gambaran,NOUN,0,_
terhadap,ADP,0,_
objek,NOUN,0,_
yang,SCONJ,0,_
diteliti,X,0,_
melalui,VERB,0,_
data,NOUN,0,_
sampel,NOUN,0,_
atau,CCONJ,0,_
poplasi,X,1,populasi
.,PUNCT,0,_
data,NOUN,0,_
yang,SCONJ,0,_
diolah,VERB,0,_
dalam,ADP,0,_
statistik,NOUN,0,_
deskriptif,X,0,_
berupa,VERB,0,_
satu,NUM,0,_
varibael,X,1,variabel
saja,ADV,0,_
dan,CCONJ,0,_
dihasilkan,VERB,0,_
dalam,ADP,0,_
tabel,NOUN,0,_
",",PUNCT,0,_
grafik,X,0,_
",",PUNCT,0,_
maupun,CCONJ,0,_
diagram,NOUN,0,_
.,PUNCT,0,_
Statistik,NOUN,0,_
deskriptiff,X,1,deskriptif
juga,ADV,0,_
disebut,VERB,0,_
dengan,ADP,0,_
analisis,NOUN,0,_
univatiat,X,1,univariat
",",PUNCT,0,_
yakni,AUX,0,_
sebuah,DET,0,_
teknik,NOUN,0,_
analisis,NOUN,0,_
data,NOUN,0,_
terhadap,ADP,0,_
satu,NUM,0,_
variabel,NOUN,0,_
secara,ADP,0,_
mandiri,ADJ,0,_
",",PUNCT,0,_
tiap,DET,0,_
variabel,NOUN,0,_
dianalisis,X,0,_
tanpa,ADP,0,_
dikaitkan,VERB,0,_
dengan,ADP,0,_
variabel,NOUN,0,_
lainnya,_,0,_
untuk,SCONJ,0,_
menggambarkan,VERB,0,_
variabel,NOUN,0,_
yang,SCONJ,0,_
dikaji,VERB,0,_
.,PUNCT,0,_
Analisis,NOUN,0,_
bivariat,X,0,_
adalah,AUX,0,_
analisis,NOUN,0,_
secara,ADP,0,_
simultna,X,1,simultan
dari,ADP,0,_
dua,NUM,0,_
variabel,NOUN,0,_
untuk,SCONJ,0,_
melihat,VERB,0,_
apakah,_,0,_
antara,ADP,0,_
kedua,X,0,_
variabel,NOUN,0,_
saling,ADV,0,_
terkiat,X,1,terkait
.,PUNCT,0,_
Penelitian,PROPN,0,_
terhadap,ADP,0,_
dua,NUM,0,_
variabel,NOUN,0,_
biasanya,ADV,0,_
mempunyai,X,0,_
tujuan,NOUN,0,_
untuk,SCONJ,0,_
mendeskripsikan,VERB,0,_
distribsiu,X,1,distribusi
data,NOUN,0,_
",",PUNCT,0,_
menguji,VERB,0,_
perbedaan,X,0,_
dan,CCONJ,0,_
mengukur,VERB,0,_
hubungan,NOUN,0,_
antara,ADP,0,_
dua,NUM,0,_
variabel,NOUN,0,_
yang,SCONJ,0,_
diteliti,X,0,_
.,PUNCT,0,_
Ci-square,VERB,0,_
digunakan,VERB,0,_
untuk,SCONJ,0,_
menguku,VERB,1,mengukur
hubungan,NOUN,0,_
antara,ADP,0,_
dua,NUM,0,_
variabel,NOUN,0,_
.,PUNCT,0,_
Uji,NOUN,0,_
chi,X,0,_
square,X,0,_
merupakan,VERB,0,_
salah,ADJ,0,_
satu,NUM,0,_
uji,VERB,0,_
komparatrif,X,1,komparatif
non,X,0,_
parametrik,X,0,_
dengan,ADP,0,_
jumlah,NOUN,0,_
kategori,NOUN,0,_
yang,SCONJ,0,_
diujikan,VERB,0,_
dapat,AUX,0,_
lebih,ADJ,0,_
dari,ADP,0,_
dua,NUM,0,_
klasifikasi,NOUN,0,_
.,PUNCT,0,_
Uji,NOUN,0,_
chi,X,0,_
square,X,0,_
dapat,AUX,0,_
digunakan,VERB,0,_
untuk,SCONJ,0,_
menguji,VERB,0,_
apakah,_,0,_
terdapat,VERB,0,_
perbedan,X,1,perbedaan
yang,SCONJ,0,_
signifikan,ADJ,0,_
antara,ADP,0,_
frekuensi,NOUN,0,_
hasil,NOUN,0,_
observasi,NOUN,0,_
dengan,ADP,0,_
frekeunsi,X,1,frekuensi
yang,SCONJ,0,_
diharapkan,VERB,0,_
.,PUNCT,0,_
Analisis,NOUN,0,_
rehresi,X,1,regresi
merupakan,VERB,0,_
pengukur,NOUN,0,_
hubungan,NOUN,0,_
antara,ADP,0,_
dua,NUM,0,_
variabel,NOUN,0,_
atau,CCONJ,0,_
lebih,ADJ,0,_
yang,SCONJ,0,_
dinyatakan,VERB,0,_
dengan,ADP,0,_
bentuk,NOUN,0,_
hubungan,NOUN,0,_
atau,CCONJ,0,_
fungsi,NOUN,0,_
antara,ADP,0,_
variabel,NOUN,0,_
bebas,ADJ,0,_
dan,CCONJ,0,_
variabel,NOUN,0,_
teriakt,X,1,terikat
.,PUNCT,0,_
Regresi,PROPN,0,_
logistik,X,0,_
adalah,AUX,0,_
sebuah,DET,0,_
analisis,NOUN,0,_
regresi,X,0,_
yang,SCONJ,0,_
digunakan,VERB,0,_
untuk,SCONJ,0,_
mengambarkan,X,1,menggambarkan
hubungan,NOUN,0,_
antara,ADP,0,_
variabel,NOUN,0,_
terikat,VERB,0,_
yang,SCONJ,0,_
berskala,VERB,0,_
nominla,X,1,nominal
atau,CCONJ,0,_
ordinal,X,0,_
dengan,ADP,0,_
2,NUM,0,_
kategori,NOUN,0,_
atau,CCONJ,0,_
lebih,ADJ,0,_
dengan,ADP,0,_
sekumpulan,X,0,_
variabell,X,1,variabel
prediktor,X,0,_
yang,SCONJ,0,_
bersifat,VERB,0,_
kontinu,X,0,_
atau,CCONJ,0,_
kategorik,X,0,_
.,PUNCT,0,_
Berdasarjan,PROPN,1,berdasarkan
variabel,NOUN,0,_
responnya,X,0,_
",",PUNCT,0,_
regresi,X,0,_
logistik,X,0,_
dibedakan,VERB,0,_
menjadi,VERB,0,_
dua,NUM,0,_
yaitu,AUX,0,_
regresi,X,0,_
logistik,X,0,_
biner,X,0,_
dan,CCONJ,0,_
regresi,X,0,_
logistik,X,0,_
multinomial,X,0,_
.,PUNCT,0,_
Metode,NOUN,0,_
maximum,X,0,_
likelihood,X,0,_
estimation,X,0,_
(,PUNCT,0,_
MLE,PROPN,0,_
),PUNCT,0,_
dapat,AUX,0,_
digunakan,VERB,0,_
untuk,SCONJ,0,_
memperoleh,X,0,_
pendugaan,NOUN,0,_
dari,ADP,0,_
parameter,NOUN,0,_
regresi,X,0,_
logitsik,X,1,logistik
.,PUNCT,0,_
Uji,NOUN,0,_
kebaikan,NOUN,0,_
model,NOUN,0,_
pada,ADP,0,_
regresi,X,0,_
logistik,X,0,_
berguna,VERB,0,_
untuk,SCONJ,0,_
menguji,VERB,0,_
kellayakan,X,1,kelayakan
dari,ADP,0,_
model,NOUN,0,_
digunakan,VERB,0,_
.,PUNCT,0,_
Menurut,VERB,0,_
Hosmer,PROPN,0,_
and,X,0,_
Lemeshow,PROPN,0,_
(,PUNCT,0,_
2000,NUM,0,_
),PUNCT,0,_
",",PUNCT,0,_
terdapat,VERB,0,_
dua,NUM,0,_
cara,NOUN,0,_
untuk,SCONJ,0,_
menguji,VERB,0,_
keberarrtian,X,1,keberartian
model,NOUN,0,_
regresi,X,0,_
logistik,X,0,_
yaitu,AUX,0,_
pengujian,NOUN,0,_
model,NOUN,0,_
secara,ADP,0,_
simultann,X,1,simultan
dan,CCONJ,0,_
pengujian,NOUN,0,_
secara,ADP,0,_
parsial,ADJ,0,_
.,PUNCT,0,_
Proses,NOUN,0,_
pengujian,NOUN,0,_
keberartian,NOUN,0,_
model,NOUN,0,_
dilakukan,VERB,0,_
untuk,SCONJ,0,_
menguji,VERB,0,_
apakha,X,1,apakah
model,NOUN,0,_
yang,SCONJ,0,_
terbentuk,X,0,_
sesuai,ADJ,0,_
dengan,ADP,0,_
data,NOUN,0,_
amatan,X,0,_
.,PUNCT,0,_
Selan,NOUN,1,selain
itu,DET,0,_
",",PUNCT,0,_
pengujian,NOUN,0,_
juga,ADV,0,_
digunakan,VERB,0,_
untuk,SCONJ,0,_
mengevaluasi,VERB,0,_
pengaruh,NOUN,0,_
variabel,NOUN,0,_
bebas,ADJ,0,_
terhadap,ADP,0,_
variabel,NOUN,0,_
respon,X,0,_
serta,CCONJ,0,_
menggambarkan,VERB,0,_
hubungan,NOUN,0,_
dan,CCONJ,0,_
interaksi,NOUN,0,_
yang,SCONJ,0,_
terjadi,VERB,0,_
terhadap,ADP,0,_
variabel,NOUN,0,_
respon,X,0,_
.,PUNCT,0,_
Prosedur,NOUN,0,_
uji,VERB,0,_
perbandingan,NOUN,0,_
kemungkinan,X,0,_
(,PUNCT,0,_
likelihood-ratio,X,0,_
test,X,0,_
),PUNCT,0,_
digunakan,VERB,0,_
untuk,SCONJ,0,_
menguji,VERB,0,_
keberartian,NOUN,0,_
model,NOUN,0,_
rekresi,X,1,regresi
logistik,X,0,_
.,PUNCT,0,_
Pengujian,NOUN,0,_
secara,ADP,0,_
siamultan,X,1,simultan
dilakukan,VERB,0,_
untuk,SCONJ,0,_
menetahui,X,1,mengetahui
pengaruh,NOUN,0,_
semua,DET,0,_
variabel,NOUN,0,_
bebas,ADJ,0,_
yang,SCONJ,0,_
terdapat,VERB,0,_
dalam,ADP,0,_
model,NOUN,0,_
secara,ADP,0,_
bersama-sama,ADP,0,_
(,PUNCT,0,_
simultan,X,0,_
),PUNCT,0,_
terhadap,ADP,0,_
variabel,NOUN,0,_
terikat,VERB,0,_
.,PUNCT,0,_
Metode,NOUN,0,_
backward,X,0,_
(,PUNCT,0,_
eliminasi,NOUN,0,_
mundur,VERB,0,_
),PUNCT,0,_
dimulai,VERB,0,_
dengan,ADP,0,_
meninput,X,1,menginput
seluruh,DET,0,_
variabel,NOUN,0,_
bebas,ADJ,0,_
ke,ADP,0,_
dalam,ADP,0,_
model,NOUN,0,_
kemudian,ADV,0,_
mengisihkan,X,1,menyisihkan
satu,NUM,0,_
demi,ADP,0,_
satu,NUM,0,_
sampai,ADP,0,_
variabel,NOUN,0,_
yang,SCONJ,0,_
tidak,PART,0,_
memenuhi,VERB,0,_
kriteria,NOUN,0,_
keluar,VERB,0,_
dari,ADP,0,_
model,NOUN,0,_
.,PUNCT,0,_
Odds,PROPN,0,_
ratio,X,0,_
merupakan,VERB,0,_
ukuran,NOUN,0,_
yang,SCONJ,0,_
menunjukan,X,1,menunjukkan
rasio,NOUN,0,_
untuk,SCONJ,0,_
mengalami,VERB,0,_
kejadian,NOUN,0,_
tertentu,ADJ,0,_
antara,ADP,0,_
sebuah,DET,0,_
bagian,NOUN,0,_
populasi,NOUN,0,_
dengan,ADP,0,_
ciri,NOUN,0,_
terttentu,X,1,tertentu
dan,CCONJ,0,_
bagian,NOUN,0,_
populasi,NOUN,0,_
yang,SCONJ,0,_
lain,ADJ,0,_
tidak,PART,0,_
memiliki,VERB,0,_
ciri,NOUN,0,_
tertentu,ADJ,0,_
tersebut,VERB,0,_
.,PUNCT,0,_
Tenun,VERB,0,_
songket,X,0,_
Palembang,PROPN,0,_
merupakan,VERB,0,_
warisan,NOUN,0,_
tradii,X,1,tradisi
yang,SCONJ,0,_
dikenal,VERB,0,_
sejak,SCONJ,0,_
zaman,NOUN,0,_
Kerajaan,PROPN,0,_
Sriwijaya,PROPN,0,_
yang,SCONJ,0,_
umumnya,ADV,0,_
disongket,X,0,_
oleh,ADP,0,_
perempun,_,1,perempuan
.,PUNCT,0,_
Tenun,VERB,0,_
songket,X,0,_
terbuat,VERB,0,_
dari,ADP,0,_
serat,NOUN,0,_
bahan,NOUN,0,_
alam,NOUN,0,_
(,PUNCT,0,_
katun,NOUN,0,_
atau,CCONJ,0,_
sutera,X,0,_
),PUNCT,0,_
yang,SCONJ,0,_
ditenun,VERB,0,_
dan,CCONJ,0,_
dipadukan,VERB,0,_
dengan,ADP,0,_
benan,X,1,benang
emas,NOUN,0,_
sebagai,ADP,0,_
coraknya,_,0,_
.,PUNCT,0,_
Benang,NOUN,0,_
emas,NOUN,0,_
yang,SCONJ,0,_
ada,VERB,0,_
oada,X,1,pada
kain,NOUN,0,_
songket,X,0,_
menjadikan,VERB,0,_
songket,X,0,_
sebagai,ADP,0,_
kain,NOUN,0,_
yang,SCONJ,0,_
mewah,ADJ,0,_
dan,CCONJ,0,_
memberikan,VERB,0,_
status,NOUN,0,_
sosial,NOUN,0,_
tersendiri,ADJ,0,_
bagi,ADP,0,_
penggunanya,_,0,_
.,PUNCT,0,_
Produktivitas,NOUN,0,_
adalah,AUX,0,_
rasio,NOUN,0,_
dari,ADP,0,_
apa,PRON,0,_
yang,SCONJ,0,_
dihasilkan,VERB,0,_
(,PUNCT,0,_
output,X,0,_
),PUNCT,0,_
terhadap,ADP,0,_
keseluruhn,X,1,keseluruhan
sumber,NOUN,0,_
daya,NOUN,0,_
yang,SCONJ,0,_
digunakan,VERB,0,_
(,PUNCT,0,_
input,X,0,_
),PUNCT,0,_
.,PUNCT,0,_
Produktivitas,NOUN,0,_
adalah,AUX,0,_
sikap,NOUN,0,_
menntal,X,1,mental
yang,SCONJ,0,_
selalu,ADV,0,_
mempunyai,X,0,_
pandangan,NOUN,0,_
bahwa,SCONJ,0,_
mutu,NOUN,0,_
kehidupan,NOUN,0,_
hari,NOUN,0,_
ini,DET,0,_
harus,AUX,0,_
lebih,ADJ,0,_
baik,ADJ,0,_
dari,ADP,0,_
hari,NOUN,0,_
kemarin,NOUN,0,_
dan,CCONJ,0,_
mutu,NOUN,0,_
kehidudan,X,1,kehidupan
hari,NOUN,0,_
esok,NOUN,0,_
harus,AUX,0,_
lebih,ADJ,0,_
baik,ADJ,0,_
dari,ADP,0,_
hari,NOUN,0,_
ini,DET,0,_
.,PUNCT,0,_
Produktivitas,NOUN,0,_
adalah,AUX,0,_
interaksi,NOUN,0,_
terpadu,VERB,0,_
antara,ADP,0,_
tiga,NUM,0,_
faktor,NOUN,0,_
ensensial,X,1,esensial
yaitu,AUX,0,_
investasi,NOUN,0,_
",",PUNCT,0,_
manajemen,NOUN,0,_
",",PUNCT,0,_
serta,CCONJ,0,_
tenaga,NOUN,0,_
kerja,VERB,0,_
.,PUNCT,0,_
Efisiensi,NOUN,0,_
merupakan,VERB,0,_
ukuran,NOUN,0,_
yang,SCONJ,0,_
menggambarkan,VERB,0,_
tingkat,NOUN,0,_
pengghematan,X,1,penghematan
dalam,ADP,0,_
menggunakan,VERB,0,_
sunmber,X,1,sumber
daya,NOUN,0,_
.,PUNCT,0,_
Efektivitas,PROPN,0,_
merupakan,VERB,0,_
ukuran,NOUN,0,_
yang,SCONJ,0,_
mengnambarkan,X,1,menggambarkan
seberapa,X,0,_
jauh,ADJ,0,_
target,NOUN,0,_
dapat,AUX,0,_
dicapai,VERB,0,_
.,PUNCT,0,_
Faktor,NOUN,0,_
teknis,ADJ,0,_
adalah,AUX,0,_
faktor,NOUN,0,_
yang,SCONJ,0,_
berhubungan,VERB,0,_
dengan,ADP,0,_
pemakaian,NOUN,0,_
dan,CCONJ,0,_
pemerapan,X,1,penerapan
metode,NOUN,0,_
kerja,VERB,0,_
yang,SCONJ,0,_
lebih,ADJ,0,_
efektif,ADJ,0,_
dan,CCONJ,0,_
efisien,ADJ,0,_
",",PUNCT,0,_
atau,CCONJ,0,_
penggunaan,NOUN,0,_
bahan,NOUN,0,_
baku,ADJ,0,_
yang,SCONJ,0,_
lebih,ADJ,0,_
elonomis,X,1,ekonomis
.,PUNCT,0,_
Metode,NOUN,0,_
backward,X,0,_
memproses,VERB,0,_
keseluruhaan,X,1,keseluruhan
variabel,NOUN,0,_
bebas,ADJ,0,_
kemudian,ADV,0,_
mengeliminasi,VERB,0,_
satu,NUM,0,_
per,ADP,0,_
satu,NUM,0,_
variabnel,X,1,variabel
bebas,ADJ,0,_
sehingga,SCONJ,0,_
diperoleh,X,0,_
variabel,NOUN,0,_
bebas,ADJ,0,_
yang,SCONJ,0,_
signifikan,ADJ,0,_
saja,ADV,0,_
.,PUNCT,0,_
Ikan,NOUN,0,_
bandeng,NOUN,0,_
merupakan,VERB,0,_
salah,ADJ,0,_
satu,NUM,0,_
hasil,NOUN,0,_
budisdaya,X,1,budidaya
ikan,NOUN,0,_
yang,SCONJ,0,_
hidup,VERB,0,_
di,ADP,0,_
air,NOUN,0,_
payau,X,0,_
atau,CCONJ,0,_
ikan,NOUN,0,_
yang,SCONJ,0,_
berasal,VERB,0,_
dari,ADP,0,_
tambak,NOUN,0,_
yang,SCONJ,0,_
mempunyai,X,0,_
prospke,X,1,prospek
cukup,ADV,0,_
baik,ADJ,0,_
untuk,SCONJ,0,_
dikembangkan,VERB,0,_
.,PUNCT,0,_
Ikan,NOUN,0,_
bandeng,NOUN,0,_
merupakan,VERB,0,_
bahan,NOUN,0,_
pangan,NOUN,0,_
yang,SCONJ,0,_
mengandung,VERB,0,_
giiz,X,1,gizi
yang,SCONJ,0,_
cukup,ADV,0,_
dan,CCONJ,0,_
bermanfaat,VERB,0,_
bagi,ADP,0,_
tubuh,NOUN,0,_
.,PUNCT,0,_
Ikan,NOUN,0,_
Bandengh,PROPN,1,bandeng
presto,X,0,_
mudah,ADJ,0,_
mengalami,VERB,0,_
pembusukan,X,0,_
karena,SCONJ,0,_
memiliki,VERB,0,_
kandungan,NOUN,0,_
air,NOUN,0,_
dan,CCONJ,0,_
protein,NOUN,0,_
relatif,ADJ,0,_
tinggi,ADJ,0,_
yang,SCONJ,0,_
sesuai,ADJ,0,_
bagi,ADP,0,_
pertumbuhan,NOUN,0,_
mikrorganisme,X,1,mikroorganisme
terutama,ADJ,0,_
bakteri,NOUN,0,_
dan,CCONJ,0,_
jamur,NOUN,0,_
.,PUNCT,0,_
Pengawetan,PROPN,0,_
bertujuan,VERB,0,_
untuk,SCONJ,0,_
menghambat,VERB,0,_
atau,CCONJ,0,_
menghentikan,VERB,0,_
aktivbitas,X,1,aktivitas
enzim,NOUN,0,_
dan,CCONJ,0,_
mikroorganisme,X,0,_
serta,CCONJ,0,_
memperpanjang,VERB,0,_
masa,NOUN,0,_
simpan,VERB,0,_
serta,CCONJ,0,_
memodifikasi,VERB,0,_
produk,NOUN,0,_
olahan,NOUN,0,_
hasil,NOUN,0,_
perikanan,NOUN,0,_
.,PUNCT,0,_
Produk,NOUN,0,_
olahan,NOUN,0,_
bandeng,NOUN,0,_
presto,X,0,_
biasanya,ADV,0,_
dimasak,VERB,0,_
dengan,ADP,0,_
cara,NOUN,0,_
memasak,VERB,0,_
dengan,ADP,0,_
uap,NOUN,0,_
air,NOUN,0,_
yang,SCONJ,0,_
bettekanan,X,1,bertekanan
tinggi,ADJ,0,_
.,PUNCT,0,_
Bandeng,NOUN,0,_
dapat,AUX,0,_
dibudidayakan,X,0,_
dari,ADP,0,_
lingkuggan,X,1,lingkungan
air,NOUN,0,_
tawar,ADJ,0,_
sampai,ADP,0,_
dengan,ADP,0,_
salinitas,X,0,_
air,NOUN,0,_
yang,SCONJ,0,_
tinggi,ADJ,0,_
karena,SCONJ,0,_
memiliki,VERB,0,_
sifat,NOUN,0,_
euryhaline,X,0,_
.,PUNCT,0,_
Selajutnya,PROPN,1,selanjutnya
Barman,PROPN,0,_
et,X,0,_
al,X,0,_
.,PUNCT,0,_
",",PUNCT,0,_
(,PUNCT,0,_
2012,NUM,0,_
),PUNCT,0,_
menambahkan,VERB,0,_
bahwa,SCONJ,0,_
bandeng,NOUN,0,_
dapat,AUX,0,_
tumbuh,VERB,0,_
optimal,ADJ,0,_
pada,ADP,0,_
lingkungan,NOUN,0,_
dengan,ADP,0,_
salinitas,X,0,_
25,NUM,0,_
ppt,X,0,_
.,PUNCT,0,_
Usus,NOUN,0,_
bandeng,NOUN,0,_
yang,SCONJ,0,_
panjang,ADJ,0,_
tersebut,VERB,0,_
dibutuhkan,VERB,0,_
untuk,SCONJ,0,_
mencaerna,X,1,mencerna
makanan,NOUN,0,_
nabati,X,0,_
yang,SCONJ,0,_
sulit,ADJ,0,_
dicerna,VERB,0,_
karena,SCONJ,0,_
mengandung,VERB,0,_
dinding,NOUN,0,_
selulosa,X,0,_
.,PUNCT,0,_
Pindang,PROPN,0,_
ikan,NOUN,0,_
merupakan,VERB,0,_
upaya,NOUN,0,_
pengawetan,X,0,_
sekaligus,ADV,0,_
penggolahan,X,1,pengolahan
ikan,NOUN,0,_
yang,SCONJ,0,_
menggunakan,VERB,0,_
teknik,NOUN,0,_
penggaraman,NOUN,0,_
dan,CCONJ,0,_
pemanasna,X,1,pemanasan
.,PUNCT,0,_
Jahe,NOUN,0,_
merupakan,VERB,0,_
tanaman,NOUN,0,_
obat,NOUN,0,_
berupa,VERB,0,_
tumbuhan,NOUN,0,_
rumpun,NOUN,0,_
bebatang,X,1,berbatang
semu,ADJ,0,_
.,PUNCT,0,_
Jahe,NOUN,0,_
dapat,AUX,0,_
dibedakan,VERB,0,_
menjadi,VERB,0,_
tiga,NUM,0,_
jenis,NOUN,0,_
berdasarkan,VERB,0,_
ukurn,X,1,ukuran
",",PUNCT,0,_
bentuk,NOUN,0,_
",",PUNCT,0,_
dan,CCONJ,0,_
warna,NOUN,0,_
rimpangnya,X,0,_
yaitu,AUX,0,_
jahe,NOUN,0,_
puti,X,1,putih
atau,CCONJ,0,_
jahe,NOUN,0,_
kuning,ADJ,0,_
besar,ADJ,0,_
",",PUNCT,0,_
jahe,NOUN,0,_
putih,ADJ,0,_
kecil,ADJ,0,_
",",PUNCT,0,_
dan,CCONJ,0,_
jahe,NOUN,0,_
merah,ADJ,0,_
.,PUNCT,0,_
Bumbu,NOUN,0,_
memegang,VERB,0,_
peranan,NOUN,0,_
penting,ADJ,0,_
karena,SCONJ,0,_
menentukan,VERB,0,_
cita,NOUN,0,_
rasa,NOUN,0,_
prodak,X,1,produk
akhir,NOUN,0,_
.,PUNCT,0,_
Uji,NOUN,0,_
kontaminasi,X,0,_
mikroba,X,0,_
patogen,X,0,_
menjadi,VERB,0,_
indiktator,X,1,indikator
penting,ADJ,0,_
untuk,SCONJ,0,_
mengetahui,X,0,_
kualitas,NOUN,0,_
ikan,NOUN,0,_
olahan,NOUN,0,_
layak,ADJ,0,_
konsumsis,X,1,konsumsi
.,PUNCT,0,_
Keberadaan,NOUN,0,_
mikroba,X,0,_
partogen,X,1,patogen
pada,ADP,0,_
ikan,NOUN,0,_
sangat,ADV,0,_
mungkin,ADV,0,_
terjadi,VERB,0,_
",",PUNCT,0,_
sebab,NOUN,0,_
kandungan,NOUN,0,_
gizi,NOUN,0,_
yang,SCONJ,0,_
tinggi,ADJ,0,_
pada,ADP,0,_
ikan,NOUN,0,_
merupakan,VERB,0,_
media,NOUN,0,_
yang,SCONJ,0,_
baik,ADJ,0,_
bagi,ADP,0,_
pertumbuhan,NOUN,0,_
dan,CCONJ,0,_
perkembangiakan,X,1,perkembangbiakan
mikroorganisme,X,0,_
.,PUNCT,0,_
Proses,NOUN,0,_
pengolahan,NOUN,0,_
ikan,NOUN,0,_
secara,ADP,0,_
sederhana,ADJ,0,_
dan,CCONJ,0,_
tradisional,ADJ,0,_
juga,ADV,0,_
memungkinkan,X,0,_
terjadi,VERB,0,_
camaran,X,1,cemaran
bakteri,NOUN,0,_
patogen,X,0,_
.,PUNCT,0,_
pH,X,0,_
(,PUNCT,0,_
Power,PROPN,0,_
of,PROPN,0,_
Hydrogen,PROPN,0,_
),PUNCT,0,_
adalah,AUX,0,_
skala,NOUN,0,_
yang,SCONJ,0,_
digunakan,VERB,0,_
untuk,SCONJ,0,_
menyatakan,VERB,0,_
tingkat,NOUN,0,_
keasaman,NOUN,0,_
atau,CCONJ,0,_
kebasaan,X,1,kebasahan
yang,SCONJ,0,_
dimiliki,VERB,0,_
oleh,ADP,0,_
sebuah,DET,0,_
larutan,NOUN,0,_
.,PUNCT,0,_
pengukuran,NOUN,0,_
pH,X,0,_
dilakukan,VERB,0,_
untuk,SCONJ,0,_
mengetauhi,X,1,mengetahui
kecenderungan,X,0,_
kenaikan,NOUN,0,_
atau,CCONJ,0,_
perurunan,X,1,penurunan
pH,X,0,_
selama,ADP,0,_
penyimpanan,NOUN,0,_
.,PUNCT,0,_
Besarnya,_,0,_
pH,X,0,_
berhubungan,VERB,0,_
dengan,ADP,0,_
senyawa-senyawa,DET,0,_
yang,SCONJ,0,_
bersifat,VERB,0,_
basaj,X,1,basah
selama,ADP,0,_
penyimpanan,NOUN,0,_
dan,CCONJ,0,_
akan,AUX,0,_
mempengaruhi,X,0,_
pertumbuhan,NOUN,0,_
mikroba,X,0,_
.,PUNCT,0,_
Pada,ADP,0,_
umumnya,ADV,0,_
ikan,NOUN,0,_
yang,SCONJ,0,_
tidak,PART,0,_
segar,ADJ,0,_
",",PUNCT,0,_
dagingnya,_,0,_
mempunyai,X,0,_
pH,X,0,_
lebih,ADJ,0,_
basis,NOUN,0,_
(,PUNCT,0,_
tinggi,ADJ,0,_
),PUNCT,0,_
daripada,ADP,0,_
ikan,NOUN,0,_
yang,SCONJ,0,_
masih,ADV,0,_
segar,ADJ,0,_
",",PUNCT,0,_
nilai,NOUN,0,_
pH,X,0,_
yang,SCONJ,0,_
rendah,ADJ,0,_
dapat,AUX,0,_
menghambat,VERB,0,_
kontaminasi,X,0,_
mikroorganisme,X,0,_
pembusuk,NOUN,0,_
.,PUNCT,0,_
Pada,ADP,0,_
beberapa,DET,0,_
bahan,NOUN,0,_
pangan,NOUN,0,_
air,NOUN,0,_
ada,VERB,0,_
dalam,ADP,0,_
jumlah,NOUN,0,_
relatif,ADJ,0,_
besar,ADJ,0,_
",",PUNCT,0,_
kenaikan,NOUN,0,_
sedikit,ADJ,0,_
kandungan,NOUN,0,_
air,NOUN,0,_
pada,ADP,0,_
bahan,NOUN,0,_
pangam,X,1,pangan
mengakibatkan,VERB,0,_
kerusakan,NOUN,0,_
baik,ADJ,0,_
akibat,ADP,0,_
reaksi,NOUN,0,_
kimua,X,1,kimia
maupun,CCONJ,0,_
pertumbuhan,NOUN,0,_
mikroba,X,0,_
.,PUNCT,0,_
Kadar,NOUN,0,_
air,NOUN,0,_
merupakan,VERB,0,_
parameter,NOUN,0,_
yang,SCONJ,0,_
umum,ADJ,0,_
namun,CCONJ,0,_
sangat,ADV,0,_
penting,ADJ,0,_
bagi,ADP,0,_
ebuah,X,1,sebuah
produk,NOUN,0,_
",",PUNCT,0,_
karena,SCONJ,0,_
kadar,NOUN,0,_
air,NOUN,0,_
memungkinkan,X,0,_
terjadinya,_,0,_
reaksi-reaksi,NOUN,0,_
biokimia,NOUN,0,_
yang,SCONJ,0,_
dapat,AUX,0,_
menurunkan,VERB,0,_
muttu,X,1,mutu
sebuah,DET,0,_
bahan,NOUN,0,_
mkaanan,X,1,makanan
sehingga,SCONJ,0,_
sebagian,X,0,_
air,NOUN,0,_
harus,AUX,0,_
dikeluarkan,VERB,0,_
dari,ADP,0,_
bahan,NOUN,0,_
makanan,NOUN,0,_
.,PUNCT,0,_
Pengindraan,NOUN,0,_
diartikan,VERB,0,_
sebagai,ADP,0,_
proses,NOUN,0,_
fisio-psikologis,X,0,_
",",PUNCT,0,_
yaitu,AUX,0,_
kesadaran,NOUN,0,_
atau,CCONJ,0,_
pengenalan,NOUN,0,_
alat,NOUN,0,_
indra,NOUN,0,_
akan,AUX,0,_
sifat-sifat,NOUN,0,_
benda,NOUN,0,_
karena,SCONJ,0,_
adanya,_,0,_
rangdangan,X,1,rangsangan
yang,SCONJ,0,_
diterima,VERB,0,_
alat,NOUN,0,_
indra,NOUN,0,_
yang,SCONJ,0,_
berasal,VERB,0,_
dari,ADP,0,_
benda,NOUN,0,_
tersebut,VERB,0,_
.,PUNCT,0,_
Penyimpanan,NOUN,0,_
produk,NOUN,0,_
pangan,NOUN,0,_
dilakukan,VERB,0,_
agar,SCONJ,0,_
memiliki,VERB,0,_
self,X,0,_
life,X,0,_
yang,SCONJ,0,_
cukup,ADV,0,_
lama,ADJ,0,_
dengan,ADP,0,_
mencegah,VERB,0,_
kerusakann,X,1,kerusakan
produk,NOUN,0,_
tersebut,VERB,0,_
.,PUNCT,0,_
Penyimpanan,NOUN,0,_
produk,NOUN,0,_
pangan,NOUN,0,_
perlu,VERB,0,_
diperhatikan,VERB,0,_
",",PUNCT,0,_
beberapa,DET,0,_
hal,NOUN,0,_
yang,SCONJ,0,_
penting,ADJ,0,_
diperhatikan,VERB,0,_
ialah,AUX,0,_
suhu,NOUN,0,_
pentimpanan,X,1,penyimpanan
",",PUNCT,0,_
jenis,NOUN,0,_
pangan,NOUN,0,_
yang,SCONJ,0,_
disimpan,VERB,0,_
",",PUNCT,0,_
kebersihan,NOUN,0,_
tempat,NOUN,0,_
penyimpanan,NOUN,0,_
serta,CCONJ,0,_
lama,ADJ,0,_
penyimpanan,NOUN,0,_
.,PUNCT,0,_
Masalah,NOUN,0,_
utama,ADJ,0,_
yang,SCONJ,0,_
dihadapi,VERB,0,_
oleh,ADP,0,_
industyri,X,1,industri
pengolahan,NOUN,0,_
ikan,NOUN,0,_
adalah,AUX,0,_
mutu,NOUN,0,_
ikan,NOUN,0,_
yang,SCONJ,0,_
rendah,ADJ,0,_
dan,CCONJ,0,_
masa,NOUN,0,_
simpan,VERB,0,_
ikan,NOUN,0,_
yang,SCONJ,0,_
singkat,ADJ,0,_
.,PUNCT,0,_
Masa,NOUN,0,_
simpan,VERB,0,_
produk,NOUN,0,_
ikan,NOUN,0,_
yang,SCONJ,0,_
singkat,ADJ,0,_
disebabkan,VERB,0,_
oleh,ADP,0,_
bakteri,NOUN,0,_
yang,SCONJ,0,_
masih,ADV,0,_
tersisa,X,0,_
dan,CCONJ,0,_
trekontaminasi,X,1,terkontaminasi
setelah,SCONJ,0,_
pengolahan,NOUN,0,_
ikan,NOUN,0,_
.,PUNCT,0,_
Kandungan,NOUN,0,_
air,NOUN,0,_
yang,SCONJ,0,_
masih,ADV,0,_
tinggi,ADJ,0,_
dalam,ADP,0,_
bandeng,NOUN,0,_
presto,X,0,_
menyebabkan,VERB,0,_
produk,NOUN,0,_
mudah,ADJ,0,_
mengalami,VERB,0,_
keruskan,X,1,kerusakan
.,PUNCT,0,_
Geejala,PROPN,1,gejala
kerusakan,NOUN,0,_
bandeng,NOUN,0,_
presto,X,0,_
ditandai,VERB,0,_
dengan,ADP,0,_
perubahan,NOUN,0,_
tekstur,X,0,_
serta,CCONJ,0,_
rasa,NOUN,0,_
dan,CCONJ,0,_
aroma,NOUN,0,_
khas,ADJ,0,_
dari,ADP,0,_
produk,NOUN,0,_
yang,SCONJ,0,_
berkurang,VERB,0,_
.,PUNCT,0,_
Uji,NOUN,0,_
organoleptik,X,0,_
mempunyai,X,0,_
peranan,NOUN,0,_
yang,SCONJ,0,_
penting,ADJ,0,_
sebagai,ADP,0,_
pendeyeksian,X,1,pendeteksian
awal,NOUN,0,_
dalam,ADP,0,_
memulai,VERB,0,_
mutu,NOUN,0,_
untuk,SCONJ,0,_
mengetahui,X,0,_
penyimtangan,X,1,penyimpangan
dan,CCONJ,0,_
perubahan,NOUN,0,_
dalam,ADP,0,_
produk,NOUN,0,_
.,PUNCT,0,_
Uji,NOUN,0,_
organoleptik,X,0,_
pada,ADP,0,_
penelituan,X,1,penelitian
ini,DET,0,_
menggunakan,VERB,0,_
lembar,NOUN,0,_
penilaian,NOUN,0,_
yang,SCONJ,0,_
diberikan,VERB,0,_
peneliti,NOUN,0,_
.,PUNCT,0,_
Kebutaan,NOUN,0,_
yang,SCONJ,0,_
terjadi,VERB,0,_
pada,ADP,0,_
penderita,NOUN,0,_
karatak,X,1,katarak
terjadi,VERB,0,_
secara,ADP,0,_
berttahap,X,1,bertahap
dan,CCONJ,0,_
tanpa,ADP,0,_
rasa,NOUN,0,_
sakit,ADJ,0,_
dalam,ADP,0,_
jangka,NOUN,0,_
waktu,NOUN,0,_
yang,SCONJ,0,_
lama,ADJ,0,_
.,PUNCT,0,_
Gejala,NOUN,0,_
yang,SCONJ,0,_
terjadi,VERB,0,_
tanpa,ADP,0,_
rasa,NOUN,0,_
sakit,ADJ,0,_
inilah,_,0,_
yang,SCONJ,0,_
menyebabkan,VERB,0,_
banyak,DET,0,_
penderita,NOUN,0,_
tidak,PART,0,_
mensadari,X,1,menyadari
jika,SCONJ,0,_
dirinya,_,0,_
sudah,AUX,0,_
menderita,VERB,0,_
penyakit,NOUN,0,_
katarak,X,0,_
",",PUNCT,0,_
bahkan,ADV,0,_
sebagian,X,0,_
menganggap,VERB,0,_
sekedar,ADV,0,_
hanya,ADV,0,_
mengalami,VERB,0,_
rabun,X,0,_
jauh,ADJ,0,_
atau,CCONJ,0,_
rabun,X,0,_
dekat,ADJ,0,_
.,PUNCT,0,_
Akses,NOUN,0,_
ke,ADP,0,_
layanan,NOUN,0,_
perawatan,NOUN,0,_
mata,NOUN,0,_
membantu,VERB,0,_
mengurani,X,1,mengurangi
kemiskinan,NOUN,0,_
dan,CCONJ,0,_
kelaparan,NOUN,0,_
serta,CCONJ,0,_
meningkatkan,VERB,0,_
peluagng,X,1,peluangan
ekonomi,NOUN,0,_
dan,CCONJ,0,_
pekerjaan,X,0,_
.,PUNCT,0,_
Tingginya,_,0,_
angka,NOUN,0,_
kasus,NOUN,0,_
kebutaan,NOUN,0,_
nasional,ADJ,0,_
di,ADP,0,_
Indonesia,PROPN,0,_
tidak,PART,0,_
diimbangi,VERB,0,_
dengan,ADP,0,_
ketersediaan,X,0,_
fasilittas,X,1,fasilitas
kesehatan,NOUN,0,_
.,PUNCT,0,_
Pemeriksaan,NOUN,0,_
dilanjutkan,VERB,0,_
dengan,ADP,0,_
analisa,VERB,0,_
dokter,NOUN,0,_
berdasarkan,VERB,0,_
hasil,NOUN,0,_
cirra,X,1,citra
dari,ADP,0,_
pemeriksaan,NOUN,0,_
Slit-Lamp,PROPN,0,_
.,PUNCT,0,_
Ketimpangan,PROPN,0,_
jumlah,NOUN,0,_
dokter,NOUN,0,_
yang,SCONJ,0,_
ada,VERB,0,_
di,ADP,0,_
sebuah,DET,0,_
daerah,NOUN,0,_
dibandingkan,VERB,0,_
dengan,ADP,0,_
daerah,NOUN,0,_
lain,ADJ,0,_
juga,ADV,0,_
membuat,VERB,0,_
fasilitas,NOUN,0,_
ppelayanan,X,1,pelayanan
kesehatan,NOUN,0,_
tidak,PART,0,_
dapat,AUX,0,_
diakses,X,0,_
oleh,ADP,0,_
semua,DET,0,_
orang,NOUN,0,_
secara,ADP,0,_
merata,VERB,0,_
.,PUNCT,0,_
Sistem,NOUN,0,_
ini,DET,0,_
menggunakan,VERB,0,_
metode,NOUN,0,_
linear,X,0,_
regression,X,0,_
dalam,ADP,0,_
mendeteksi,VERB,0,_
dan,CCONJ,0,_
menglasifikasikan,X,1,mengklasifikasikan
katarak,X,0,_
.,PUNCT,0,_
Metode,NOUN,0,_
berfokus,VERB,0,_
pada,ADP,0,_
perhitungan,NOUN,0,_
nilai,NOUN,0,_
kekeruhan,NOUN,0,_
yang,SCONJ,0,_
disebabkan,VERB,0,_
oleh,ADP,0,_
katarak,X,0,_
pada,ADP,0,_
lensa,NOUN,0,_
mata,NOUN,0,_
dengan,ADP,0,_
mendapatkan,VERB,0,_
nilai,NOUN,0,_
rata-rata,ADJ,0,_
intensias,X,1,intensitas
dari,ADP,0,_
gambar,NOUN,0,_
input,X,0,_
mata,NOUN,0,_
.,PUNCT,0,_
Input,PROPN,0,_
dibedakan,VERB,0,_
menjadi,VERB,0,_
dua,NUM,0,_
yaitu,AUX,0,_
input,X,0,_
kamera,NOUN,0,_
yang,SCONJ,0,_
digunakan,VERB,0,_
sebagai,ADP,0,_
pengambilan,NOUN,0,_
gambar,NOUN,0,_
mata,NOUN,0,_
seccara,X,1,secara
fisik,NOUN,0,_
dan,CCONJ,0,_
input,X,0,_
user,X,0,_
yang,SCONJ,0,_
digunakan,VERB,0,_
sebagai,ADP,0,_
pengambilan,NOUN,0,_
data,NOUN,0,_
gelaja,X,1,gejala
yang,SCONJ,0,_
nantinya,_,0,_
diolah,VERB,0,_
di,ADP,0,_
dalam,ADP,0,_
sistem,NOUN,0,_
pakar,NOUN,0,_
.,PUNCT,0,_
Input,PROPN,0,_
kamera,NOUN,0,_
dilakukan,VERB,0,_
dengan,ADP,0,_
proses,NOUN,0,_
pengambilan,NOUN,0,_
gambar,NOUN,0,_
mata,NOUN,0,_
menggunakan,VERB,0,_
kamera,NOUN,0,_
telepn,X,1,telepon
.,PUNCT,0,_
Input,PROPN,0,_
user,X,0,_
dilakukan,VERB,0,_
dengan,ADP,0,_
proses,NOUN,0,_
pengambilan,NOUN,0,_
data,NOUN,0,_
dengan,ADP,0,_
cara,NOUN,0,_
memberikan,VERB,0,_
pertanyan,X,1,pertanyaan
pada,ADP,0,_
user,X,0,_
yang,SCONJ,0,_
harus,AUX,0,_
dijawab,VERB,0,_
.,PUNCT,0,_
Pertanyaan,NOUN,0,_
yang,SCONJ,0,_
diberikan,VERB,0,_
kepada,ADP,0,_
user,X,0,_
berupa,VERB,0,_
pilihan,NOUN,0,_
tingkatan,NOUN,0,_
kepastian,NOUN,0,_
user,X,0,_
mengenai,VERB,0,_
gejla,X,1,gejala
yang,SCONJ,0,_
dialami,VERB,0,_
.,PUNCT,0,_
Data,NOUN,0,_
input,X,0,_
berupa,VERB,0,_
gambar,NOUN,0,_
mata,NOUN,0,_
diproses,X,0,_
untuk,SCONJ,0,_
mendapatkan,VERB,0,_
area,NOUN,0,_
mata,NOUN,0,_
dan,CCONJ,0,_
diekstrak,X,0,_
bagian,NOUN,0,_
pupil,X,0,_
dilakukan,VERB,0,_
klasifikasi,NOUN,0,_
",",PUNCT,0,_
apakah,_,0,_
pupil,X,0,_
tersebut,VERB,0,_
ada,VERB,0,_
kekeruhan,NOUN,0,_
atau,CCONJ,0,_
pupil,X,0,_
normal,ADJ,0,_
.,PUNCT,0,_
Convolutional,PROPN,0,_
neural,X,0,_
network,X,0,_
dilatih,VERB,0,_
dalam,ADP,0,_
beberapa,DET,0,_
layer,X,0,_
untuk,SCONJ,0,_
memproleh,X,1,memperoleh
fitur,X,0,_
dan,CCONJ,0,_
bobot,NOUN,0,_
yang,SCONJ,0,_
sesuai,ADJ,0,_
.,PUNCT,0,_
Output,PROPN,0,_
model,NOUN,0,_
berupa,VERB,0,_
data,NOUN,0,_
hasil,NOUN,0,_
detksi,X,1,deteksi
kekeruhan,NOUN,0,_
pada,ADP,0,_
mata,NOUN,0,_
dan,CCONJ,0,_
klasfiikasi,X,1,klasifikasi
pupil,X,0,_
",",PUNCT,0,_
serta,CCONJ,0,_
hasil,NOUN,0,_
deteksi,VERB,0,_
deteksi,VERB,0,_
penyakit,NOUN,0,_
katarak,X,0,_
dan,CCONJ,0,_
jenis,NOUN,0,_
kataraknya,X,0,_
.,PUNCT,0,_
Hasil,NOUN,0,_
akhir,NOUN,0,_
dari,ADP,0,_
sistem,NOUN,0,_
berupa,VERB,0,_
persentasi,X,1,persentase
user,X,0,_
dalam,ADP,0,_
terkena,VERB,0,_
penyakit,NOUN,0,_
katarak,X,0,_
dan,CCONJ,0,_
besar,ADJ,0,_
persentase,NOUN,0,_
jenis,NOUN,0,_
katarak,X,0,_
yang,SCONJ,0,_
dialami,VERB,0,_
berdasarkan,VERB,0,_
gejala,NOUN,0,_
yang,SCONJ,0,_
dialami,VERB,0,_
.,PUNCT,0,_
Hasil,NOUN,0,_
deteksi,VERB,0,_
keekruhan,X,1,kekeruhan
mata,NOUN,0,_
merupakan,VERB,0,_
hasil,NOUN,0,_
yang,SCONJ,0,_
didapat,VERB,0,_
dari,ADP,0,_
proses,NOUN,0,_
yang,SCONJ,0,_
telah,AUX,0,_
dijalankan,VERB,0,_
berdasarkan,VERB,0,_
data,NOUN,0,_
input,X,0,_
gambar,NOUN,0,_
mata,NOUN,0,_
.,PUNCT,0,_
Hasil,NOUN,0,_
dari,ADP,0,_
deteksi,VERB,0,_
penyakit,NOUN,0,_
katarak,X,0,_
dan,CCONJ,0,_
jenis,NOUN,0,_
katarak,X,0,_
merupakan,VERB,0,_
hasil,NOUN,0,_
yang,SCONJ,0,_
didapat,VERB,0,_
setelah,SCONJ,0,_
mengitungg,X,1,menghitung
nilai,NOUN,0,_
akhir,NOUN,0,_
dari,ADP,0,_
certainty,X,0,_
factor,X,0,_
dari,ADP,0,_
setiap,X,0,_
evidence,X,0,_
yang,SCONJ,0,_
dialami,VERB,0,_
oleh,ADP,0,_
user,X,0,_
.,PUNCT,0,_
Penentuan,PROPN,0,_
jenis,NOUN,0,_
katarak,X,0,_
dilakukan,VERB,0,_
dengan,ADP,0,_
mengamnbil,X,1,mengambil
nilai,NOUN,0,_
persentase,NOUN,0,_
yang,SCONJ,0,_
paling,ADV,0,_
besar,ADJ,0,_
dari,ADP,0,_
setiap,X,0,_
hipotesa,X,0,_
jenis,NOUN,0,_
katarak,X,0,_
.,PUNCT,0,_
Tahap,NOUN,0,_
klasfikasi,X,1,klasifikasi
jenis,NOUN,0,_
katarak,X,0,_
dilakukan,VERB,0,_
untuk,SCONJ,0,_
menghitung,VERB,0,_
besar,ADJ,0,_
kemungkinan,X,0,_
user,X,0,_
terkena,VERB,0,_
penyakit,NOUN,0,_
katarak,X,0,_
jenis,NOUN,0,_
tertentu,ADJ,0,_
.,PUNCT,0,_
Pengujian,NOUN,0,_
pada,ADP,0,_
tahap,NOUN,0,_
ini,DET,0,_
dilakukan,VERB,0,_
dengan,ADP,0,_
mengambil,VERB,0,_
jawaban,NOUN,0,_
dari,ADP,0,_
input,X,0,_
user,X,0,_
pada,ADP,0,_
pertanyaan,NOUN,0,_
terkait,VERB,0,_
gejala,NOUN,0,_
lanjutan,NOUN,0,_
ketika,SCONJ,0,_
user,X,0,_
telah,AUX,0,_
menjawab,VERB,0,_
pada,ADP,0,_
pertanyaan,NOUN,0,_
pada,ADP,0,_
halamn,X,1,halaman
pertama,NUM,0,_
.,PUNCT,0,_
Para,DET,0,_
ahli,NOUN,0,_
kesehatan,NOUN,0,_
telah,AUX,0,_
memanfatkan,X,1,memanfaatkan
AI,PROPN,0,_
untuk,SCONJ,0,_
mengatasi,VERB,0,_
beberapa,DET,0,_
peyakit,X,1,penyakit
kronis,NOUN,0,_
seperti,ADP,0,_
mengontrol,VERB,0,_
diabetes,X,0,_
.,PUNCT,0,_
Diabetes,PROPN,0,_
adalah,AUX,0,_
penyakit,NOUN,0,_
kronil,X,1,kronis
yang,SCONJ,0,_
ditandai,VERB,0,_
dengan,ADP,0,_
ciri-ciri,NOUN,0,_
berupa,VERB,0,_
tingginya,_,0,_
kadar,NOUN,0,_
gula,NOUN,0,_
(,PUNCT,0,_
glukosa,X,0,_
),PUNCT,0,_
darah,NOUN,0,_
.,PUNCT,0,_
Glukjosa,PROPN,1,glukosa
yang,SCONJ,0,_
menumpuk,VERB,0,_
di,ADP,0,_
dalam,ADP,0,_
darah,NOUN,0,_
akibat,ADP,0,_
tidak,PART,0,_
diserap,VERB,0,_
sel,NOUN,0,_
tubuh,NOUN,0,_
dengan,ADP,0,_
baik,ADJ,0,_
dapat,AUX,0,_
menimnulkan,X,1,menimbulkan
berbagai,X,0,_
gangguan,NOUN,0,_
organ,NOUN,0,_
tubuh,NOUN,0,_
.,PUNCT,0,_